-- phpMyAdmin SQL Dump
-- version 4.9.5deb2
-- https://www.phpmyadmin.net/
--
-- Host: localhost:3306
-- Generation Time: Jul 24, 2021 at 07:44 AM
-- Server version: 8.0.23-0ubuntu0.20.04.1
-- PHP Version: 7.4.3

SET SQL_MODE = "NO_AUTO_VALUE_ON_ZERO";
SET AUTOCOMMIT = 0;
START TRANSACTION;
SET time_zone = "+00:00";


/*!40101 SET @OLD_CHARACTER_SET_CLIENT=@@CHARACTER_SET_CLIENT */;
/*!40101 SET @OLD_CHARACTER_SET_RESULTS=@@CHARACTER_SET_RESULTS */;
/*!40101 SET @OLD_COLLATION_CONNECTION=@@COLLATION_CONNECTION */;
/*!40101 SET NAMES utf8mb4 */;

--
-- Database: `db_ctki`
--

DELIMITER $$
--
-- Procedures
--
CREATE DEFINER=`root`@`localhost` PROCEDURE `setApproveDokTki` (IN `ID_TKI` VARCHAR(11), IN `ID_JUSTIFIKASI` VARCHAR(11))  NO SQL
UPDATE JUSTIFIKASI_PEKERJAAN SET DATA_DIRI_APPROVAL = (SELECT APPROVE FROM MST_TKI WHERE ID = ID_TKI), APPROVED_BY_1 = (SELECT APPROVED_BY FROM MST_TKI WHERE ID = ID_TKI), APPROVED_DATE_1 = (SELECT APPROVED_DATE FROM MST_TKI WHERE ID = ID_TKI) WHERE ID = ID_JUSTIFIKASI$$

CREATE DEFINER=`root`@`localhost` PROCEDURE `setUserPenyalur` (IN `ID_NYA` VARCHAR(11), IN `ID_USER` VARCHAR(11), IN `ID_PEMBUAT` VARCHAR(11), IN `USERNYA` VARCHAR(100))  NO SQL
INSERT INTO MST_USER (id, username, nama, jenis, id_penyalur, id_group, created_by)
  SELECT
    ID_USER AS id,
    USERNYA AS username,
    nama AS nama,
    '3' AS jenis,
    ID AS id_penyalur,
    ID_GROUP AS id_group,
    ID_PEMBUAT AS CREATED_BY
  FROM MST_PENYALUR 
  WHERE id = ID_NYA$$

DELIMITER ;

-- --------------------------------------------------------

--
-- Table structure for table `ALAMAT`
--

CREATE TABLE `ALAMAT` (
  `ID` varchar(11) NOT NULL,
  `ID_TKI` varchar(11) NOT NULL,
  `JENIS_ALAMAT` varchar(2) NOT NULL DEFAULT '2' COMMENT '1 = Sesuai KTP, 2 = Tempat tinggal saat ini',
  `JALAN` text,
  `RT` varchar(3) DEFAULT NULL,
  `RW` varchar(3) DEFAULT NULL,
  `KECAMATAN` varchar(50) DEFAULT NULL,
  `KELURAHAN` varchar(50) DEFAULT NULL,
  `KOTA` varchar(50) DEFAULT NULL,
  `KD_POS` varchar(5) DEFAULT NULL,
  `PROVINSI` varchar(50) DEFAULT NULL,
  `DESA` varchar(50) DEFAULT NULL,
  `STATUS` varchar(1) NOT NULL DEFAULT '1' COMMENT '1 = ACTIVE, 0 = NON ACTIVE',
  `UPDATE_DATE` timestamp NOT NULL DEFAULT CURRENT_TIMESTAMP ON UPDATE CURRENT_TIMESTAMP,
  `INSERT_DATE` datetime NOT NULL DEFAULT CURRENT_TIMESTAMP,
  `CREATED_BY` varchar(11) NOT NULL
) ENGINE=InnoDB DEFAULT CHARSET=latin1;

--
-- Dumping data for table `ALAMAT`
--

INSERT INTO `ALAMAT` (`ID`, `ID_TKI`, `JENIS_ALAMAT`, `JALAN`, `RT`, `RW`, `KECAMATAN`, `KELURAHAN`, `KOTA`, `KD_POS`, `PROVINSI`, `DESA`, `STATUS`, `INSERT_DATE`, `CREATED_BY`) VALUES
('03566212221', '93834114568', '1', 'JL.ASOKA', '09', '11', 'JONGGOL', 'CIBARUSAH', '', '5342', 'JAWA BARAT', 'ASEM', '1', '2021-06-28 13:51:35', '77948121680'),
('12498215141', '16070526111', '1', 'JL. GRIYA ALAM', '05', '05', 'GUNUNG PUTRI', 'CIKETING', 'BEKASI', '17563', 'JAWA BARAT', 'JONGGOL', '1', '2021-07-15 12:02:11', '49262817821'),
('22154382108', '69780407925', '1', 'JL.MAWAR RAYA', '04', '05', 'BTG', 'CIKETING', 'BEKASI', '5423', 'JAWA BARAT', 'CIKETING', '1', '2021-06-28 16:04:31', '77948121680'),
('44707003914', '44707003914', '1', NULL, NULL, NULL, NULL, NULL, NULL, NULL, NULL, NULL, '1', '2021-07-18 00:20:00', '55650904902'),
('47099867192', '15648987259', '2', 'JL. SERSAN IDRIS BEKASI SELATAN', '03', '03', 'BEKASI SELATAN', 'MARGAJAYA', 'BEKASI', '17141', 'JAWA BARAT', '', '1', '2021-06-27 19:40:18', '33427054656'),
('50685618000', '91364055944', '1', 'JL ILYUSIN', '010', '009', 'HANG JEBAT', 'GUNUNG', 'JAKARTA SELATAN', '14304', 'DKI JAKARTA', 'GUNUNG', '1', '2021-05-30 12:15:40', '55650904902'),
('51292746411', '81019540111', '1', 'PANGKALAN 2', '04', '05', 'BTG', 'CIKUT', 'BEKASI', '4632', 'JAWA BARAT', 'ASEM', '1', '2021-06-29 20:53:38', '68119264882'),
('59779438575', '58787295482', '1', 'JL. UJUNG ASPAL', '007', '015', 'JAKARTA SELATAN', 'HAJI NAIM', 'JAKARTA', '12192', 'DKI JAKARTA', 'JAKARTA', '1', '2021-07-22 10:56:16', '55650904902'),
('76821858511', '98157795032', '1', 'JL.MAWAR', '12', '08', 'BTG', 'CIKETING', 'BEKASI', '5371', 'JAWA BARAT', 'CIKETINGUDIK', '1', '2021-06-26 17:55:06', '86629414379'),
('77354660722', '34701974666', '1', 'ADASDA', '4', '3', 'DFG', 'HDF', 'SDF', '2342', 'SDF', 'SDFSG', '1', '2021-07-21 03:54:45', '55650904902'),
('82977903027', '89633022735', '2', 'JL. CISADANE', '001', '002', 'BOJONG BARAT', 'BOJONG', 'BOGOR', '12323', 'JAWA TIMUR', 'BOJONG', '1', '2021-06-28 19:55:08', '12205428825'),
('88054256601', '57138937481', '1', 'JL.MELATI', '03', '04', 'MUSTIKA', 'CIMUNING', 'BEKASI', '5032', 'JAWA BARAT', 'CIKETING', '1', '2021-06-26 19:01:18', '67027419424'),
('88526056810', '43515268261', '2', 'JL. RAYA KRANGGAN NO. 6 JATISAMPURNA BEKASI.', '001', '009', 'JATIRANGGA', 'JATISAMPURNA', 'BEKASI', '14', 'JAWA BARAT', 'BEKASI', '1', '2021-05-28 20:26:14', '55650904902'),
('93161573058', '72950688146', '1', 'JL. PONDOK', '001', '001', 'TIMUR', 'BOJONG', 'BEKASI', '17426', 'JAWA BARAT', 'BOJONG', '1', '2021-07-08 15:08:34', '55650904902');

-- --------------------------------------------------------

--
-- Table structure for table `DOKUMEN`
--

CREATE TABLE `DOKUMEN` (
  `ID` varchar(11) NOT NULL,
  `ID_TKI` varchar(11) DEFAULT NULL,
  `ID_JENIS_DOK` varchar(11) NOT NULL,
  `ID_KONTRAK` varchar(11) DEFAULT NULL,
  `ID_PERJANJIAN` varchar(11) DEFAULT NULL,
  `CODE` varchar(50) DEFAULT NULL,
  `STATUS` varchar(1) NOT NULL DEFAULT '1' COMMENT '1 = ACTIVE, 0 = NON ACTIVE',
  `PATH` text,
  `FILE` varchar(20) DEFAULT NULL,
  `DELETED_BY` varchar(11) DEFAULT NULL,
  `UPDATE_DATE` timestamp NOT NULL DEFAULT CURRENT_TIMESTAMP ON UPDATE CURRENT_TIMESTAMP,
  `INSERT_DATE` timestamp NOT NULL DEFAULT CURRENT_TIMESTAMP,
  `CREATED_BY` varchar(11) NOT NULL
) ENGINE=InnoDB DEFAULT CHARSET=latin1;

--
-- Dumping data for table `DOKUMEN`
--

INSERT INTO `DOKUMEN` (`ID`, `ID_TKI`, `ID_JENIS_DOK`, `ID_KONTRAK`, `ID_PERJANJIAN`, `CODE`, `STATUS`, `PATH`, `FILE`, `DELETED_BY`, `INSERT_DATE`, `CREATED_BY`) VALUES
('00795143918', '81019540111', '83457374256', NULL, NULL, NULL, '1', './assets/uploaded/tki', '251082393196.jpg', NULL, '2021-06-29 12:53:38', '68119264882'),
('02067611052', '58787295482', '50132812553', NULL, NULL, NULL, '1', './assets/uploaded/tki', '950340810397.png', NULL, '2021-07-22 02:56:16', '55650904902'),
('09812294165', '34701974666', '83457374256', NULL, NULL, NULL, '1', './assets/uploaded/tki', '894787203876.jpg', NULL, '2021-07-20 19:54:45', '55650904902'),
('12695183443', '34701974666', '29836358418', NULL, NULL, NULL, '1', './assets/uploaded/tki', '894787203872.jpg', NULL, '2021-07-20 19:54:45', '55650904902'),
('12862002074', '58787295482', '72800662015', NULL, NULL, NULL, '1', './assets/uploaded/tki', '950340810394.png', NULL, '2021-07-22 02:56:16', '55650904902'),
('18548360502', '34701974666', '72800662015', NULL, NULL, NULL, '1', './assets/uploaded/tki', '894787203874.jpg', NULL, '2021-07-20 19:54:45', '55650904902'),
('25108239319', '81019540111', '53890630510', NULL, NULL, NULL, '1', './assets/uploaded/tki', '25108239319.jpg', NULL, '2021-06-29 12:53:38', '68119264882'),
('26934341721', '81019540111', '99082695476', NULL, NULL, NULL, '1', './assets/uploaded/tki', '251082393195.jpg', NULL, '2021-06-29 12:53:38', '68119264882'),
('28280653796', '58787295482', '95932287375', NULL, NULL, NULL, '1', './assets/uploaded/tki', '950340810393.png', NULL, '2021-07-22 02:56:16', '55650904902'),
('29874808219', '58787295482', '83457374256', NULL, NULL, NULL, '1', './assets/uploaded/tki', '950340810396.png', NULL, '2021-07-22 02:56:16', '55650904902'),
('34509141502', '81019540111', '29836358418', NULL, NULL, NULL, '1', './assets/uploaded/tki', '251082393192.jpg', NULL, '2021-06-29 12:53:38', '68119264882'),
('36830561761', '98157795032', '26955576485', '36830561761', '36474856255', NULL, '1', NULL, NULL, NULL, '2021-06-26 10:43:23', ''),
('50072120689', '58787295482', '99082695476', NULL, NULL, NULL, '1', './assets/uploaded/tki', '950340810395.png', NULL, '2021-07-22 02:56:16', '55650904902'),
('50083949310', '58787295482', '79014042052', NULL, NULL, NULL, '1', './assets/uploaded/tki', '950340810391.png', NULL, '2021-07-22 02:56:16', '55650904902'),
('60113796328', '58787295482', '29836358418', NULL, NULL, NULL, '1', './assets/uploaded/tki', '950340810392.png', NULL, '2021-07-22 02:56:16', '55650904902'),
('67359253480', '81019540111', '50132812553', NULL, NULL, NULL, '1', './assets/uploaded/tki', '251082393197.jpg', NULL, '2021-06-29 12:53:38', '68119264882'),
('69448120361', '91364055944', '53890630510', NULL, NULL, NULL, '1', './assets/uploaded/tki', '69448120361.jpg', NULL, '2021-06-28 18:59:10', '55650904902'),
('75691645374', '34701974666', '95932287375', NULL, NULL, NULL, '1', './assets/uploaded/tki', '894787203873.jpg', NULL, '2021-07-20 19:54:45', '55650904902'),
('75798682404', '34701974666', '99082695476', NULL, NULL, NULL, '1', './assets/uploaded/tki', '894787203875.jpg', NULL, '2021-07-20 19:54:45', '55650904902'),
('86663134682', '34701974666', '79014042052', NULL, NULL, NULL, '1', './assets/uploaded/tki', '894787203871.jpg', NULL, '2021-07-20 19:54:45', '55650904902'),
('88086928462', '81019540111', '95932287375', NULL, NULL, NULL, '1', './assets/uploaded/tki', '251082393193.jpg', NULL, '2021-06-29 12:53:38', '68119264882'),
('89307667247', '81019540111', '79014042052', NULL, NULL, NULL, '1', './assets/uploaded/tki', '251082393191.jpg', NULL, '2021-06-29 12:53:38', '68119264882'),
('89478720387', '34701974666', '53890630510', NULL, NULL, NULL, '1', './assets/uploaded/tki', '89478720387.jpg', NULL, '2021-07-20 19:54:45', '55650904902'),
('92999321546', '34701974666', '50132812553', NULL, NULL, NULL, '1', './assets/uploaded/tki', '894787203877.jpg', NULL, '2021-07-20 19:54:45', '55650904902'),
('93410637132', '91364055944', '50132812553', NULL, NULL, NULL, '1', './assets/uploaded/tki', '10468955569.jpg', NULL, '2021-06-28 18:58:58', '55650904902'),
('95034081039', '58787295482', '53890630510', NULL, NULL, NULL, '1', './assets/uploaded/tki', '95034081039.png', NULL, '2021-07-22 02:56:16', '55650904902'),
('95580628426', '81019540111', '72800662015', NULL, NULL, NULL, '1', './assets/uploaded/tki', '251082393194.jpg', NULL, '2021-06-29 12:53:38', '68119264882');

-- --------------------------------------------------------

--
-- Table structure for table `JUSTIFIKASI_PEKERJAAN`
--

CREATE TABLE `JUSTIFIKASI_PEKERJAAN` (
  `ID` varchar(11) NOT NULL,
  `ID_TKI` varchar(11) NOT NULL,
  `ID_PEKERJAAN` varchar(11) NOT NULL,
  `STATUS` varchar(1) NOT NULL DEFAULT '1' COMMENT '1 = ACTIVE, 0 = NON ACTIVE',
  `PROGRESS` varchar(1) NOT NULL DEFAULT '1' COMMENT '0 = COMPLETED, 1 = NEW, 2 = ON PROGRESS, 3 = APPROVED, 4 = REJECTED, 5 = CANCELED, 6 = CANCELED CONTRACT',
  `DATA_DIRI_APPROVAL` varchar(1) NOT NULL DEFAULT '0' COMMENT '0 = NEW, 1 = APPROVED, 2 = REJECTED',
  `APPROVED_BY_1` varchar(11) DEFAULT NULL,
  `APPROVED_DATE_1` timestamp NULL DEFAULT NULL,
  `SURAT_PERJANJIAN_APPROVAL` varchar(1) DEFAULT NULL COMMENT '0 = NEW, 1 = APPROVED, 2 = REJECTED, 3 = SUBMITED, 4',
  `APPROVED_BY_2` varchar(11) DEFAULT NULL,
  `APPROVED_DATE_2` timestamp NULL DEFAULT NULL,
  `KONTRAK_KERJA_APPROVAL` varchar(1) DEFAULT NULL COMMENT '0 = NEW, 1 = APPROVED, 2 = REJECTED, 3 = SUBMITED',
  `APPROVED_BY_3` varchar(11) DEFAULT NULL,
  `APPROVED_DATE_3` timestamp NULL DEFAULT NULL,
  `ID_KONTRAK` varchar(11) DEFAULT NULL,
  `ID_PERJANJIAN` varchar(11) DEFAULT NULL,
  `ID_LOWONGAN` varchar(11) DEFAULT NULL,
  `ASSIGNED_BY` varchar(11) DEFAULT NULL,
  `ASSIGNED_DATE` timestamp NULL DEFAULT NULL,
  `CATATAN` text,
  `UPDATE_DATE` timestamp NOT NULL DEFAULT CURRENT_TIMESTAMP ON UPDATE CURRENT_TIMESTAMP,
  `INSERT_DATE` timestamp NOT NULL DEFAULT CURRENT_TIMESTAMP,
  `CREATED_BY` varchar(11) NOT NULL
) ENGINE=InnoDB DEFAULT CHARSET=latin1;

--
-- Dumping data for table `JUSTIFIKASI_PEKERJAAN`
--

INSERT INTO `JUSTIFIKASI_PEKERJAAN` (`ID`, `ID_TKI`, `ID_PEKERJAAN`, `STATUS`, `PROGRESS`, `DATA_DIRI_APPROVAL`, `APPROVED_BY_1`, `APPROVED_DATE_1`, `SURAT_PERJANJIAN_APPROVAL`, `APPROVED_BY_2`, `APPROVED_DATE_2`, `KONTRAK_KERJA_APPROVAL`, `APPROVED_BY_3`, `APPROVED_DATE_3`, `ID_KONTRAK`, `ID_PERJANJIAN`, `ID_LOWONGAN`, `ASSIGNED_BY`, `ASSIGNED_DATE`, `CATATAN`, `INSERT_DATE`, `CREATED_BY`) VALUES
('02317811886', '34701974666', '82037052359', '1', '1', '0', NULL, NULL, NULL, NULL, NULL, NULL, NULL, NULL, NULL, NULL, NULL, NULL, NULL, 'TAKE CARE BABY', '2021-07-22 02:22:39', '55650904902'),
('20335415804', '57138937481', '82037052359', '0', '0', '1', '63935625183', '2021-06-26 11:03:18', '1', '67027419424', '2021-06-26 11:14:09', '1', '67027419424', '2021-06-26 11:40:21', '23561014244', '66181635938', '74835702502', '70702061090', '2021-06-26 11:10:07', 'NGEPEL', '2021-06-26 11:08:30', '67027419424'),
('26121408718', '89633022735', '82037052359', '1', '1', '1', '63935625183', '2021-06-28 12:38:51', '1', '12205428825', '2021-06-29 12:53:45', '1', '12205428825', '2021-06-29 13:46:38', '56081223876', '55348260233', '74835702502', '70702061090', '2021-06-29 07:32:36', 'TAKE CARE A CHILD', '2021-06-28 13:40:10', '12205428825'),
('41133164823', '43515268261', '82037052359', '1', '1', '1', '63935625183', '2021-06-01 07:55:21', '1', '55650904902', '2021-06-26 13:02:20', '0', NULL, NULL, '97760206879', '55130353872', '74835702502', '43632169105', '2021-06-26 12:33:30', '', '2021-06-26 12:30:29', '55650904902'),
('43797239640', '91364055944', '82037052359', '1', '1', '1', '63935625183', '2021-07-05 14:48:35', '1', '86629414379', '2021-07-07 07:29:11', NULL, NULL, NULL, NULL, '92180030129', '74835702502', '70702061090', '2021-07-05 15:21:56', 'MERAWAT BINATANG PELIHARAAN', '2021-07-05 14:54:47', '86629414379'),
('51569396812', '15648987259', '82037052359', '1', '1', '1', '63935625183', '2021-06-27 11:41:51', '1', '33427054656', '2021-06-27 11:45:25', '1', '33427054656', '2021-06-27 11:49:26', '67514277527', '09534739944', '74835702502', '70702061090', '2021-06-27 11:43:12', 'NYAPU HALAMAN', '2021-06-27 11:42:33', '33427054656'),
('52537280394', '58787295482', '82037052359', '1', '1', '1', '63935625183', '2021-07-22 02:57:15', NULL, NULL, NULL, NULL, NULL, NULL, NULL, NULL, NULL, NULL, NULL, 'TAKE CARE BABY ', '2021-07-22 03:01:26', '55650904902'),
('61813748717', '16070526111', '82037052359', '1', '1', '1', '63935625183', '2021-07-15 04:03:44', NULL, NULL, NULL, NULL, NULL, NULL, NULL, NULL, NULL, NULL, NULL, 'MENCUCI PIRING MENCUCI BAJU', '2021-07-15 04:16:59', '49262817821'),
('70369010691', '44707003914', '82037052359', '1', '1', '1', '63935625183', '2021-07-08 01:25:30', '1', '55650904902', '2021-07-18 08:10:43', NULL, NULL, NULL, NULL, '20464527746', '62940692053', '70702061090', '2021-07-15 04:08:03', 'MENGURUS RUMAH', '2021-07-08 01:47:35', '55650904902'),
('74379130711', '72950688146', '82037052359', '1', '1', '1', '63935625183', '2021-07-08 07:11:17', '1', '55650904902', '2021-07-15 11:31:51', '1', '55650904902', '2021-07-15 11:36:59', '42132028291', '44380153803', '74835702502', '70702061090', '2021-07-08 07:13:22', 'BABY SITTER', '2021-07-08 07:12:10', '55650904902'),
('89907203728', '69780407925', '82037052359', '0', '0', '1', '63935625183', '2021-06-28 08:06:25', '1', '77948121680', '2021-06-28 08:29:08', '1', '77948121680', '2021-06-28 08:43:50', '76863707574', '67481019884', '74835702502', '70702061090', '2021-06-28 08:17:07', 'MENGURUS BAYI', '2021-06-28 08:08:18', '77948121680'),
('99847542180', '98157795032', '82037052359', '0', '0', '1', '63935625183', '2021-06-26 09:56:42', '1', '86629414379', '2021-06-26 10:24:06', '1', '86629414379', '2021-06-26 10:41:21', '36830561761', '36474856255', '74835702502', '70702061090', '2021-06-26 10:11:46', 'CUCI PIRING', '2021-06-26 10:01:54', '86629414379');

-- --------------------------------------------------------

--
-- Table structure for table `KUALIFIKASI`
--

CREATE TABLE `KUALIFIKASI` (
  `ID` varchar(11) NOT NULL,
  `ID_TKI` varchar(11) DEFAULT NULL,
  `ID_KUALIFIKASI` varchar(11) NOT NULL,
  `JAWABAN` varchar(1) DEFAULT NULL,
  `KETERANGAN` text,
  `STATUS` varchar(1) NOT NULL DEFAULT '1' COMMENT '1 = ACTIVE, 0 = NON ACTIVE',
  `UPDATE_DATE` timestamp NOT NULL DEFAULT CURRENT_TIMESTAMP ON UPDATE CURRENT_TIMESTAMP,
  `INSERT_DATE` timestamp NOT NULL DEFAULT CURRENT_TIMESTAMP,
  `CREATED_BY` varchar(11) NOT NULL
) ENGINE=InnoDB DEFAULT CHARSET=latin1;

--
-- Dumping data for table `KUALIFIKASI`
--

INSERT INTO `KUALIFIKASI` (`ID`, `ID_TKI`, `ID_KUALIFIKASI`, `JAWABAN`, `KETERANGAN`, `STATUS`, `INSERT_DATE`, `CREATED_BY`) VALUES
('08296878811', '93834114568', '58575113282', 'N', '', '1', '2021-06-28 05:51:35', '77948121680'),
('17680022807', '81019540111', '67573529266', 'Y', '', '1', '2021-06-29 12:53:38', '68119264882'),
('18597763700', '91364055944', '67573529266', 'N', 'BERSEDIA', '1', '2021-05-30 04:15:40', '55650904902'),
('19406232233', '89633022735', '58575113282', 'N', '', '1', '2021-06-28 11:55:08', '12205428825'),
('20206578204', '16070526111', '67573529266', 'N', '', '1', '2021-07-15 04:02:11', '49262817821'),
('33688978163', '81019540111', '58575113282', 'N', '', '1', '2021-06-29 12:53:38', '68119264882'),
('33788655417', '98157795032', '67573529266', 'Y', '', '1', '2021-06-26 09:55:06', '86629414379'),
('44648325098', '89633022735', '67573529266', 'N', '', '1', '2021-06-28 11:55:08', '12205428825'),
('55425275057', '34701974666', '67573529266', 'N', '', '1', '2021-07-20 19:54:45', '55650904902'),
('58731856079', '15648987259', '58575113282', 'N', '', '1', '2021-06-27 11:40:18', '33427054656'),
('60388131246', '15648987259', '67573529266', 'Y', '', '1', '2021-06-27 11:40:18', '33427054656'),
('62043474298', '58787295482', '58575113282', 'Y', 'TIDAK MEMILIKI PENYAKIT BAWAAN', '1', '2021-07-22 02:56:16', '55650904902'),
('64836746484', '57138937481', '67573529266', 'Y', '', '1', '2021-06-26 11:01:18', '67027419424'),
('68798874106', '72950688146', '58575113282', 'N', '', '1', '2021-07-08 07:08:34', '55650904902'),
('71989453041', '57138937481', '58575113282', 'N', '', '1', '2021-06-26 11:01:18', '67027419424'),
('73651099504', '16070526111', '58575113282', 'N', '', '1', '2021-07-15 04:02:11', '49262817821'),
('73815698999', '34701974666', '58575113282', 'N', '', '1', '2021-07-20 19:54:45', '55650904902'),
('79230272983', '58787295482', '67573529266', 'Y', 'BERSEDIA', '1', '2021-07-22 02:56:16', '55650904902'),
('82073087645', '98157795032', '58575113282', 'N', '', '1', '2021-06-26 09:55:06', '86629414379'),
('83246487024', '72950688146', '67573529266', 'N', '', '1', '2021-07-08 07:08:34', '55650904902'),
('87627989353', '69780407925', '67573529266', 'Y', '', '1', '2021-06-28 08:04:31', '77948121680'),
('87792554976', '93834114568', '67573529266', 'Y', '', '1', '2021-06-28 05:51:35', '77948121680'),
('93243842322', '69780407925', '58575113282', 'N', '', '1', '2021-06-28 08:04:31', '77948121680'),
('95536692643', '91364055944', '58575113282', 'N', 'TIDAK MEMILIKI', '1', '2021-05-30 04:15:40', '55650904902');

-- --------------------------------------------------------

--
-- Table structure for table `LOG`
--

CREATE TABLE `LOG` (
  `ID` int NOT NULL,
  `JENIS` int NOT NULL,
  `CODE` varchar(11) DEFAULT NULL,
  `AKSI` varchar(6) DEFAULT NULL,
  `STATUS` varchar(1) DEFAULT NULL COMMENT '1 = SUKSES, 0 = GAGAL',
  `CATATAN` text,
  `CHANGE_STATUS` varchar(1) DEFAULT NULL,
  `ID_USER` varchar(11) DEFAULT NULL,
  `INSERT_DATE` timestamp NOT NULL DEFAULT CURRENT_TIMESTAMP
) ENGINE=InnoDB DEFAULT CHARSET=latin1;

--
-- Dumping data for table `LOG`
--

INSERT INTO `LOG` (`ID`, `JENIS`, `CODE`, `AKSI`, `STATUS`, `CATATAN`, `CHANGE_STATUS`, `ID_USER`, `INSERT_DATE`) VALUES
(1, 1, NULL, NULL, NULL, 'SUKSES', NULL, '33730380207', '2021-04-30 18:13:04'),
(2, 2, '77739680169', 'CREATE', '1', '77739680169|delia|DELIA ULFA|1|-|33730380207', '', '33730380207', '2021-04-30 18:14:17'),
(3, 1, NULL, NULL, NULL, 'SUKSES', NULL, '77739680169', '2021-04-30 18:14:27'),
(4, 4, NULL, 'UPDATE', NULL, 'SUKSES', NULL, '77739680169', '2021-04-30 18:14:33'),
(5, 2, '46204811185', 'CREATE', '1', '46204811185|irfandaru|IRFAN DARU AQILLIAN|2|-|33730380207', '', '33730380207', '2021-04-30 18:20:58'),
(6, 1, NULL, NULL, NULL, 'SUKSES', NULL, '46204811185', '2021-04-30 18:25:06'),
(7, 4, NULL, 'UPDATE', NULL, 'SUKSES', NULL, '46204811185', '2021-04-30 18:25:11'),
(8, 38, '92718486902', 'CREATE', '1', '92718486902|PT. ASSALAM KARYA MANUNGGAL PUTRA||JALAN INSPEKTUR MARZUKI NOMOR 2564 A RT. 04 RW. 09. KELURAHAN INSPEKTUR MARZUKI NOMOR 2564 A RT. 04 RW. 09. KELURAHAN SIRING AGUNG PAKJO PALEMBANG|081283838383|assalam@email.com|46204811185', '', '46204811185', '2021-04-30 18:27:04'),
(9, 42, '92718486902', 'CREATE', '1', '', NULL, '46204811185', '2021-04-30 18:28:52'),
(10, 29, '64298740467', 'CREATE', '1', '64298740467|SITI NUR MAYA RINI|1231311513545423|||BEKASI|1994-05-01|1|77739680169', '', '77739680169', '2021-04-30 18:31:58'),
(11, 30, '64298740467', 'CREATE', '1', '', '1', '46204811185', '2021-04-30 18:35:14'),
(12, 7, '50132812553', 'CREATE', '1', '50132812553|AKTE KELAHIRAN||1|77739680169', '', '77739680169', '2021-04-30 18:36:41'),
(13, 7, '26955576485', 'CREATE', '1', '26955576485|DOKUMEN KONTRAK|||77739680169', '', '77739680169', '2021-04-30 18:36:49'),
(14, 7, '95516593229', 'CREATE', '1', '95516593229|DOKUMEN PERSETUJUAN TKI|||77739680169', '', '77739680169', '2021-04-30 18:37:01'),
(15, 7, '95164479391', 'CREATE', '1', '95164479391|DOKUMEN SURAT PERJANJIAN|||77739680169', '', '77739680169', '2021-04-30 18:37:19'),
(16, 7, '83457374256', 'CREATE', '1', '83457374256|IJAZAH||1|77739680169', '', '77739680169', '2021-04-30 18:37:31'),
(17, 7, '99082695476', 'CREATE', '1', '99082695476|KARTU KELUARGA|KK|1|77739680169', '', '77739680169', '2021-04-30 18:37:49'),
(18, 7, '72800662015', 'CREATE', '1', '72800662015|KARTU TANDA PENDUDUK|KTP|1|77739680169', '', '77739680169', '2021-04-30 18:38:01'),
(19, 7, '95932287375', 'CREATE', '1', '95932287375|PAS FOTO||1|77739680169', '', '77739680169', '2021-04-30 18:38:15'),
(20, 7, '29836358418', 'CREATE', '1', '29836358418|PASSPORT||1|77739680169', '', '77739680169', '2021-04-30 18:38:24'),
(21, 7, '79014042052', 'CREATE', '1', '79014042052|SURAT IZIN KELUARGA||1|77739680169', '', '77739680169', '2021-04-30 18:38:36'),
(22, 7, '53890630510', 'CREATE', '1', '53890630510|SURAT KETERANGANAN CATATAN KEPOLISIAN|SKCK|1|77739680169', '', '77739680169', '2021-04-30 18:38:54'),
(23, 1, NULL, NULL, NULL, 'SUKSES', NULL, '14280001433', '2021-04-30 18:40:17'),
(24, 4, NULL, 'UPDATE', NULL, 'SUKSES', NULL, '14280001433', '2021-04-30 18:40:22'),
(25, 1, NULL, NULL, NULL, 'SUKSES', NULL, '33730380207', '2021-05-04 04:02:39'),
(26, 2, '63935625183', 'CREATE', '1', '63935625183|testingadmin1|TESTING ADMIN 1|1|-|33730380207', '', '33730380207', '2021-05-04 04:03:13'),
(27, 2, '70702061090', 'CREATE', '1', '70702061090|testingmanager1|TESTING MANAGER 1|2|-|33730380207', '', '33730380207', '2021-05-04 04:03:34'),
(28, 1, NULL, NULL, NULL, 'SUKSES', NULL, '63935625183', '2021-05-04 04:36:37'),
(29, 4, NULL, 'UPDATE', NULL, 'SUKSES', NULL, '63935625183', '2021-05-04 04:36:47'),
(30, 1, NULL, NULL, NULL, 'SUKSES', NULL, '63935625183', '2021-05-04 04:47:36'),
(31, 1, NULL, NULL, NULL, 'SUKSES', NULL, '77739680169', '2021-05-05 18:12:53'),
(32, 1, NULL, NULL, NULL, 'SUKSES', NULL, '33730380207', '2021-05-06 18:00:59'),
(33, 1, NULL, NULL, NULL, 'SUKSES', NULL, '63935625183', '2021-05-07 11:01:21'),
(34, 4, NULL, 'UPDATE', NULL, 'SUKSES', NULL, '63935625183', '2021-05-07 11:02:05'),
(35, 1, NULL, NULL, NULL, 'SUKSES', NULL, '63935625183', '2021-05-07 11:05:09'),
(36, 1, NULL, NULL, NULL, 'SUKSES', NULL, '63935625183', '2021-05-07 14:03:22'),
(37, 1, NULL, NULL, NULL, 'SUKSES', NULL, '63935625183', '2021-05-08 02:59:04'),
(38, 1, NULL, NULL, NULL, 'SUKSES', NULL, '63935625183', '2021-05-11 01:38:33'),
(39, 1, NULL, NULL, NULL, 'SUKSES', NULL, '70702061090', '2021-05-23 18:50:56'),
(40, 4, NULL, 'UPDATE', NULL, 'SUKSES', NULL, '70702061090', '2021-05-23 18:51:05'),
(41, 1, NULL, NULL, NULL, 'SUKSES', NULL, '70702061090', '2021-05-23 18:55:38'),
(42, 1, NULL, NULL, NULL, 'SUKSES', NULL, '33730380207', '2021-05-25 14:59:26'),
(43, 45, '41332749689', 'INSERT', '1', '41332749689||3|GRASAK GRUSUK ADALAH KUNCI!|33730380207', '', '33730380207', '2021-05-25 15:02:10'),
(44, 1, NULL, NULL, NULL, 'SUKSES', NULL, '63935625183', '2021-05-25 15:50:16'),
(45, 1, NULL, NULL, NULL, 'SUKSES', NULL, '63935625183', '2021-05-26 07:12:45'),
(46, 1, NULL, NULL, NULL, 'SUKSES', NULL, '63935625183', '2021-05-28 09:56:59'),
(47, 1, NULL, NULL, NULL, 'SUKSES', NULL, '70702061090', '2021-05-28 11:02:40'),
(48, 1, NULL, NULL, NULL, 'SUKSES', NULL, '63935625183', '2021-05-28 11:04:31'),
(49, 29, '99488745340', 'CREATE', '1', '99488745340|ATIKA|3172931238320002|2120192830112|CLUSTER GARDEN HILS|BEKASI|1991-03-07|1|63935625183', '', '63935625183', '2021-05-28 11:08:30'),
(50, 1, NULL, NULL, NULL, 'SUKSES', NULL, '70702061090', '2021-05-28 11:09:22'),
(51, 30, '99488745340', 'CREATE', '1', '', '1', '70702061090', '2021-05-28 11:09:47'),
(52, 1, NULL, NULL, NULL, 'SUKSES', NULL, '63935625183', '2021-05-28 11:12:06'),
(53, 1, NULL, NULL, NULL, 'SUKSES', NULL, '33730380207', '2021-05-28 11:24:25'),
(54, 1, NULL, NULL, NULL, 'SUKSES', NULL, '70702061090', '2021-05-28 11:25:16'),
(55, 1, NULL, NULL, NULL, 'SUKSES', NULL, '24913227228', '2021-05-28 11:26:12'),
(56, 4, NULL, 'UPDATE', NULL, 'SUKSES', NULL, '24913227228', '2021-05-28 11:26:24'),
(57, 4, NULL, 'UPDATE', NULL, 'SUKSES', NULL, '24913227228', '2021-05-28 11:27:24'),
(58, 14, '43515268261', 'CREATE', '1', NULL, NULL, '24913227228', '2021-05-28 12:26:14'),
(59, 16, '88526056810', 'CREATE', '1', NULL, NULL, '24913227228', '2021-05-28 12:26:14'),
(60, 18, '08218027539', 'CREATE', '0', '', NULL, '24913227228', '2021-05-28 12:26:14'),
(61, 18, '08933961589', 'CREATE', '0', '', NULL, '24913227228', '2021-05-28 12:26:14'),
(62, 18, '68909833354', 'CREATE', '0', '', NULL, '24913227228', '2021-05-28 12:26:14'),
(63, 18, '40550231136', 'CREATE', '0', '', NULL, '24913227228', '2021-05-28 12:26:14'),
(64, 18, '72524476512', 'CREATE', '0', '', NULL, '24913227228', '2021-05-28 12:26:14'),
(65, 18, '69059644543', 'CREATE', '0', '', NULL, '24913227228', '2021-05-28 12:26:14'),
(66, 18, '61523998287', 'CREATE', '0', '', NULL, '24913227228', '2021-05-28 12:26:14'),
(67, 18, '67599082096', 'CREATE', '0', '', NULL, '24913227228', '2021-05-28 12:26:14'),
(68, 2, '87429290576', 'CREATE', '1', '87429290576|testingadmin2|TESTING ADMIN|1|-|33730380207', '', '33730380207', '2021-05-28 12:36:19'),
(69, 1, NULL, NULL, NULL, 'SUKSES', NULL, '87429290576', '2021-05-28 12:36:44'),
(70, 4, NULL, 'UPDATE', NULL, 'SUKSES', NULL, '87429290576', '2021-05-28 12:36:56'),
(71, 29, '00418757945', 'CREATE', '1', '00418757945|TESTING PENYALUR|8374829858393848|||BEKASI|2021-05-09|1|87429290576', '', '87429290576', '2021-05-28 12:47:50'),
(72, 2, '43632169105', 'CREATE', '1', '43632169105|testingmanager2|TESTING MANAGER|2|-|33730380207', '', '33730380207', '2021-05-28 12:48:22'),
(73, 1, NULL, NULL, NULL, 'SUKSES', NULL, '43632169105', '2021-05-28 12:48:57'),
(74, 4, NULL, 'UPDATE', NULL, 'SUKSES', NULL, '43632169105', '2021-05-28 12:49:20'),
(75, 30, '00418757945', 'CREATE', '1', '', '1', '43632169105', '2021-05-28 12:49:49'),
(76, 1, NULL, NULL, NULL, 'SUKSES', NULL, '55650904902', '2021-05-28 12:50:22'),
(77, 4, NULL, 'UPDATE', NULL, 'SUKSES', NULL, '55650904902', '2021-05-28 12:50:33'),
(78, 1, NULL, NULL, NULL, 'SUKSES', NULL, '70702061090', '2021-05-28 14:21:28'),
(79, 1, NULL, NULL, NULL, 'SUKSES', NULL, '63935625183', '2021-05-28 14:21:33'),
(80, 1, NULL, NULL, NULL, 'SUKSES', NULL, '63935625183', '2021-05-28 14:23:24'),
(81, 1, NULL, NULL, NULL, 'SUKSES', NULL, '70702061090', '2021-05-28 14:25:14'),
(82, 1, NULL, NULL, NULL, 'SUKSES', NULL, '63935625183', '2021-05-28 14:28:11'),
(83, 1, NULL, NULL, NULL, 'SUKSES', NULL, '70702061090', '2021-05-28 15:42:15'),
(84, 1, NULL, NULL, NULL, 'SUKSES', NULL, '33730380207', '2021-05-28 16:03:43'),
(85, 1, NULL, NULL, NULL, 'SUKSES', NULL, '63935625183', '2021-05-28 16:05:26'),
(86, 1, NULL, NULL, NULL, 'SUKSES', NULL, '63935625183', '2021-05-28 16:05:59'),
(87, 1, NULL, NULL, NULL, 'SUKSES', NULL, '24913227228', '2021-05-28 16:53:59'),
(88, 1, NULL, NULL, NULL, 'SUKSES', NULL, '70702061090', '2021-05-28 16:55:22'),
(89, 1, NULL, NULL, NULL, 'SUKSES', NULL, '63935625183', '2021-05-28 16:57:11'),
(90, 1, NULL, NULL, NULL, 'SUKSES', NULL, '24913227228', '2021-05-28 17:05:29'),
(91, 1, NULL, NULL, NULL, 'SUKSES', NULL, '70702061090', '2021-05-30 02:15:33'),
(92, 1, NULL, NULL, NULL, 'SUKSES', NULL, '63935625183', '2021-05-30 02:21:50'),
(93, 11, '58575113282', 'CREATE', '1', '58575113282|APAKAH MEMILIKI PENYAKIT ?|1||63935625183', '', '63935625183', '2021-05-30 02:39:46'),
(94, 11, '67573529266', 'CREATE', '1', '67573529266|APAKAH SIAP UNTUK BEKERJA DIMALAM HARI?|1||63935625183', '', '63935625183', '2021-05-30 02:42:42'),
(95, 45, '10820095809', 'INSERT', '1', '10820095809|LOWONGAN DI NEGARA SINGAPORE|1|<p>DIBUTUHKAN CTKI!</p><p>JOBDESK :<br>-Menjaga Anak dengan waktu kerja yang tidak ditentukan<br>-Memasak untuk orang rumah<br>-Memandikan Anak 2x sehari<br>-Membersihkan seluruh rumah<br>-Mencuci Baju</p>|63935625183', '', '63935625183', '2021-05-30 02:50:21'),
(96, 1, NULL, NULL, NULL, 'SUKSES', NULL, '63935625183', '2021-05-30 02:53:54'),
(97, 1, NULL, NULL, NULL, 'SUKSES', NULL, '24913227228', '2021-05-30 04:09:13'),
(98, 14, '91364055944', 'CREATE', '1', NULL, NULL, '24913227228', '2021-05-30 04:15:40'),
(99, 16, '50685618000', 'CREATE', '1', NULL, NULL, '24913227228', '2021-05-30 04:15:40'),
(100, 15, '67573529266', 'CREATE', '1', '18597763700|91364055944|67573529266|N|BERSEDIA|24913227228', NULL, '24913227228', '2021-05-30 04:15:40'),
(101, 15, '58575113282', 'CREATE', '1', '95536692643|91364055944|58575113282|N|TIDAK MEMILIKI|24913227228', NULL, '24913227228', '2021-05-30 04:15:40'),
(102, 18, '82510202945', 'CREATE', '0', '', NULL, '24913227228', '2021-05-30 04:15:40'),
(103, 18, '46461780331', 'CREATE', '0', '', NULL, '24913227228', '2021-05-30 04:15:40'),
(104, 18, '86894347450', 'CREATE', '0', '', NULL, '24913227228', '2021-05-30 04:15:40'),
(105, 18, '30393975933', 'CREATE', '0', '', NULL, '24913227228', '2021-05-30 04:15:40'),
(106, 18, '27928129132', 'CREATE', '0', '', NULL, '24913227228', '2021-05-30 04:15:40'),
(107, 18, '80278595402', 'CREATE', '0', '', NULL, '24913227228', '2021-05-30 04:15:40'),
(108, 18, '18479357736', 'CREATE', '0', '', NULL, '24913227228', '2021-05-30 04:15:40'),
(109, 18, '60461313827', 'CREATE', '0', '', NULL, '24913227228', '2021-05-30 04:15:40'),
(110, 1, NULL, NULL, NULL, 'SUKSES', NULL, '63935625183', '2021-05-30 04:16:37'),
(111, 1, NULL, NULL, NULL, 'SUKSES', NULL, '70702061090', '2021-05-30 04:19:30'),
(112, 1, NULL, NULL, NULL, 'SUKSES', NULL, '70702061090', '2021-05-30 06:19:34'),
(113, 1, NULL, NULL, NULL, 'SUKSES', NULL, '55650904902', '2021-05-30 06:46:13'),
(114, 1, NULL, NULL, NULL, 'SUKSES', NULL, '63935625183', '2021-05-30 07:50:38'),
(115, 8, '82037052359', 'CREATE', '1', '82037052359|PRT||63935625183', '', '63935625183', '2021-05-30 07:51:14'),
(116, 1, NULL, NULL, NULL, 'SUKSES', NULL, '24913227228', '2021-05-30 07:53:51'),
(117, 1, NULL, NULL, NULL, 'SUKSES', NULL, '70702061090', '2021-05-30 08:03:05'),
(118, 1, NULL, NULL, NULL, 'SUKSES', NULL, '63935625183', '2021-05-30 18:08:13'),
(119, 20, '43515268261', 'UPDATE', '1', '1|63935625183|2021-05-31 02:11:52', '1', '63935625183', '2021-05-30 18:11:52'),
(120, 1, NULL, NULL, NULL, 'SUKSES', NULL, '55650904902', '2021-05-30 18:13:18'),
(121, 35, '43515268261', 'UPDATE', '1', NULL, NULL, '55650904902', '2021-05-30 18:13:52'),
(122, 36, '88526056810', 'UPDATE', '1', NULL, NULL, '55650904902', '2021-05-30 18:13:52'),
(123, 37, '-', 'UPDATE', '1', '||55650904902', NULL, '55650904902', '2021-05-30 18:13:52'),
(124, 37, '-', 'UPDATE', '1', '||55650904902', NULL, '55650904902', '2021-05-30 18:13:52'),
(125, 18, '46407730726', 'CREATE', '0', '', NULL, '55650904902', '2021-05-30 18:13:52'),
(126, 18, '46760106421', 'CREATE', '0', '', NULL, '55650904902', '2021-05-30 18:13:52'),
(127, 18, '62744753386', 'CREATE', '0', '', NULL, '55650904902', '2021-05-30 18:13:52'),
(128, 18, '07747899870', 'CREATE', '0', '', NULL, '55650904902', '2021-05-30 18:13:52'),
(129, 18, '56504153235', 'CREATE', '0', '', NULL, '55650904902', '2021-05-30 18:13:52'),
(130, 18, '34317447317', 'CREATE', '0', '', NULL, '55650904902', '2021-05-30 18:13:52'),
(131, 18, '77003251984', 'CREATE', '0', '', NULL, '55650904902', '2021-05-30 18:13:52'),
(132, 18, '53358036710', 'CREATE', '0', '', NULL, '55650904902', '2021-05-30 18:13:52'),
(133, 20, '43515268261', 'UPDATE', '1', NULL, NULL, '55650904902', '2021-05-30 18:13:52'),
(134, 1, NULL, NULL, NULL, 'SUKSES', NULL, '63935625183', '2021-05-31 04:20:36'),
(135, 1, NULL, NULL, NULL, 'SUKSES', NULL, '63935625183', '2021-05-31 14:42:56'),
(136, 1, NULL, NULL, NULL, 'SUKSES', NULL, '63935625183', '2021-06-01 07:54:59'),
(137, 20, '43515268261', 'UPDATE', '1', '1|63935625183|2021-06-01 15:55:21', '1', '63935625183', '2021-06-01 07:55:21'),
(138, 1, NULL, NULL, NULL, 'SUKSES', NULL, '63935625183', '2021-06-02 12:20:41'),
(139, 1, NULL, NULL, NULL, 'SUKSES', NULL, '63935625183', '2021-06-03 11:47:43'),
(140, 1, NULL, NULL, NULL, 'SUKSES', NULL, '63935625183', '2021-06-04 04:15:24'),
(141, 1, NULL, NULL, NULL, 'SUKSES', NULL, '63935625183', '2021-06-06 02:39:00'),
(142, 1, NULL, NULL, NULL, 'SUKSES', NULL, '63935625183', '2021-06-06 03:26:57'),
(143, 1, NULL, NULL, NULL, 'SUKSES', NULL, '24913227228', '2021-06-06 06:09:38'),
(144, 1, NULL, NULL, NULL, 'SUKSES', NULL, '24913227228', '2021-06-06 06:32:11'),
(145, 1, NULL, NULL, NULL, 'SUKSES', NULL, '63935625183', '2021-06-06 12:15:32'),
(146, 1, NULL, NULL, NULL, 'SUKSES', NULL, '24913227228', '2021-06-08 14:55:37'),
(147, 1, NULL, NULL, NULL, 'SUKSES', NULL, '63935625183', '2021-06-09 11:35:25'),
(148, 1, NULL, NULL, NULL, 'SUKSES', NULL, '24913227228', '2021-06-09 13:57:28'),
(149, 1, NULL, NULL, NULL, 'SUKSES', NULL, '63935625183', '2021-06-10 07:34:17'),
(150, 1, NULL, NULL, NULL, 'SUKSES', NULL, '63935625183', '2021-06-10 07:34:33'),
(151, 1, NULL, NULL, NULL, 'SUKSES', NULL, '63935625183', '2021-06-10 19:45:49'),
(152, 1, NULL, NULL, NULL, 'SUKSES', NULL, '55650904902', '2021-06-10 23:23:53'),
(153, 14, '44707003914', 'CREATE', '1', NULL, NULL, '55650904902', '2021-06-10 23:26:11'),
(154, 16, '38203081296', 'CREATE', '1', NULL, NULL, '55650904902', '2021-06-10 23:26:11'),
(155, 15, '67573529266', 'CREATE', '1', '80315284694|44707003914|67573529266|Y|EDRGYUJIL|55650904902', NULL, '55650904902', '2021-06-10 23:26:11'),
(156, 15, '58575113282', 'CREATE', '1', '71018339817|44707003914|58575113282|N|RFGHJKOL[;|55650904902', NULL, '55650904902', '2021-06-10 23:26:11'),
(157, 18, '86603875485', 'CREATE', '0', '', NULL, '55650904902', '2021-06-10 23:26:11'),
(158, 18, '98157539103', 'CREATE', '0', '', NULL, '55650904902', '2021-06-10 23:26:11'),
(159, 18, '97055891132', 'CREATE', '0', '', NULL, '55650904902', '2021-06-10 23:26:11'),
(160, 18, '23410081056', 'CREATE', '0', '', NULL, '55650904902', '2021-06-10 23:26:11'),
(161, 18, '27340155158', 'CREATE', '0', '', NULL, '55650904902', '2021-06-10 23:26:11'),
(162, 18, '67681760766', 'CREATE', '0', '', NULL, '55650904902', '2021-06-10 23:26:11'),
(163, 18, '58380851930', 'CREATE', '0', '', NULL, '55650904902', '2021-06-10 23:26:11'),
(164, 18, '07281761502', 'CREATE', '0', '', NULL, '55650904902', '2021-06-10 23:26:11'),
(165, 1, NULL, NULL, NULL, 'SUKSES', NULL, '24913227228', '2021-06-11 14:35:19'),
(166, 1, NULL, NULL, NULL, 'SUKSES', NULL, '63935625183', '2021-06-14 11:36:38'),
(167, 1, NULL, NULL, NULL, 'SUKSES', NULL, '63935625183', '2021-06-14 11:44:18'),
(168, 1, NULL, NULL, NULL, 'SUKSES', NULL, '70702061090', '2021-06-14 13:47:14'),
(169, 1, NULL, NULL, NULL, 'SUKSES', NULL, '63935625183', '2021-06-15 01:26:15'),
(170, 1, NULL, NULL, NULL, 'SUKSES', NULL, '63935625183', '2021-06-15 06:30:10'),
(171, 20, '91364055944', 'UPDATE', '1', '1|63935625183|2021-06-15 14:30:37', '1', '63935625183', '2021-06-15 06:30:37'),
(172, 1, NULL, NULL, NULL, 'SUKSES', NULL, '63935625183', '2021-06-15 11:39:48'),
(173, 1, NULL, NULL, NULL, 'SUKSES', NULL, '70702061090', '2021-06-15 12:08:35'),
(174, 1, NULL, NULL, NULL, 'SUKSES', NULL, '70702061090', '2021-06-15 12:23:01'),
(175, 1, NULL, NULL, NULL, 'SUKSES', NULL, '70702061090', '2021-06-16 14:13:44'),
(176, 1, NULL, NULL, NULL, 'SUKSES', NULL, '43632169105', '2021-06-16 14:24:37'),
(177, 1, NULL, NULL, NULL, 'SUKSES', NULL, '70702061090', '2021-06-19 04:25:27'),
(178, 1, NULL, NULL, NULL, 'SUKSES', NULL, '24913227228', '2021-06-19 04:27:42'),
(179, 1, NULL, NULL, NULL, 'SUKSES', NULL, '63935625183', '2021-06-19 04:36:25'),
(180, 1, NULL, NULL, NULL, 'SUKSES', NULL, '63935625183', '2021-06-21 14:00:26'),
(181, 1, NULL, NULL, NULL, 'SUKSES', NULL, '70702061090', '2021-06-21 14:04:00'),
(182, 1, NULL, NULL, NULL, 'SUKSES', NULL, '63935625183', '2021-06-23 13:38:44'),
(183, 1, NULL, NULL, NULL, 'SUKSES', NULL, '70702061090', '2021-06-23 13:43:12'),
(184, 1, NULL, NULL, NULL, 'SUKSES', NULL, '63935625183', '2021-06-23 14:12:03'),
(185, 1, NULL, NULL, NULL, 'SUKSES', NULL, '70702061090', '2021-06-23 14:46:31'),
(186, 1, NULL, NULL, NULL, 'SUKSES', NULL, '63935625183', '2021-06-23 14:47:34'),
(187, 1, NULL, NULL, NULL, 'SUKSES', NULL, '70702061090', '2021-06-24 07:54:00'),
(188, 1, NULL, NULL, NULL, 'SUKSES', NULL, '63935625183', '2021-06-26 09:44:03'),
(189, 1, NULL, NULL, NULL, 'SUKSES', NULL, '63935625183', '2021-06-26 09:47:50'),
(190, 29, '05246530671', 'CREATE', '1', '05246530671|RESTI|3249582|38204968|TAMAN RAHAYU|JAKARTA|1998-06-17|1|63935625183', '', '63935625183', '2021-06-26 09:49:08'),
(191, 1, NULL, NULL, NULL, 'SUKSES', NULL, '70702061090', '2021-06-26 09:50:04'),
(192, 30, '05246530671', 'CREATE', '1', '', '1', '70702061090', '2021-06-26 09:50:47'),
(193, 1, NULL, NULL, NULL, 'SUKSES', NULL, '86629414379', '2021-06-26 09:51:43'),
(194, 4, NULL, 'UPDATE', NULL, 'SUKSES', NULL, '86629414379', '2021-06-26 09:52:12'),
(195, 14, '98157795032', 'CREATE', '1', NULL, NULL, '86629414379', '2021-06-26 09:55:06'),
(196, 16, '76821858511', 'CREATE', '1', NULL, NULL, '86629414379', '2021-06-26 09:55:06'),
(197, 15, '67573529266', 'CREATE', '1', '33788655417|98157795032|67573529266|Y||86629414379', NULL, '86629414379', '2021-06-26 09:55:06'),
(198, 15, '58575113282', 'CREATE', '1', '82073087645|98157795032|58575113282|N||86629414379', NULL, '86629414379', '2021-06-26 09:55:06'),
(199, 18, '59261820653', 'CREATE', '0', '', NULL, '86629414379', '2021-06-26 09:55:06'),
(200, 18, '03729341651', 'CREATE', '0', '', NULL, '86629414379', '2021-06-26 09:55:06'),
(201, 18, '50402619096', 'CREATE', '0', '', NULL, '86629414379', '2021-06-26 09:55:06'),
(202, 18, '83030268311', 'CREATE', '0', '', NULL, '86629414379', '2021-06-26 09:55:06'),
(203, 18, '91251166393', 'CREATE', '0', '', NULL, '86629414379', '2021-06-26 09:55:06'),
(204, 18, '36657149737', 'CREATE', '0', '', NULL, '86629414379', '2021-06-26 09:55:06'),
(205, 18, '19601154750', 'CREATE', '0', '', NULL, '86629414379', '2021-06-26 09:55:06'),
(206, 18, '69892411334', 'CREATE', '0', '', NULL, '86629414379', '2021-06-26 09:55:06'),
(207, 1, NULL, NULL, NULL, 'SUKSES', NULL, '63935625183', '2021-06-26 09:56:15'),
(208, 20, '98157795032', 'UPDATE', '1', '1|63935625183|2021-06-26 17:56:42', '1', '63935625183', '2021-06-26 09:56:42'),
(209, 1, NULL, NULL, NULL, 'SUKSES', NULL, '70702061090', '2021-06-26 10:00:08'),
(210, 1, NULL, NULL, NULL, 'SUKSES', NULL, '86629414379', '2021-06-26 10:00:55'),
(211, 17, '99847542180', 'CREATE', '1', '99847542180|98157795032|82037052359|CUCI PIRING|86629414379', '', '86629414379', '2021-06-26 10:01:54'),
(212, 1, NULL, NULL, NULL, 'SUKSES', NULL, '63935625183', '2021-06-26 10:02:23'),
(213, 1, NULL, NULL, NULL, 'SUKSES', NULL, '70702061090', '2021-06-26 10:07:23'),
(214, 39, '74835702502', 'CREATE', '1', '74835702502|LOWONGAN PRT|82037052359|CUCI PIRING CUCI BAJU|ID|TAMAN RAHAYU|N|RUMAH HANTU|angeloasyifa21@gmail.com|345623|4000000|150000|350000|200000|2000000|2|2|TAHUN|29|HARI|12|5|70702061090', '', '70702061090', '2021-06-26 10:11:03'),
(215, 40, '99847542180', 'UPDATE', '1', '', '', '70702061090', '2021-06-26 10:11:46'),
(216, 1, NULL, NULL, NULL, 'SUKSES', NULL, '63935625183', '2021-06-26 10:13:03'),
(217, 1, NULL, NULL, NULL, 'SUKSES', NULL, '86629414379', '2021-06-26 10:14:26'),
(218, 1, NULL, NULL, NULL, 'SUKSES', NULL, '63935625183', '2021-06-26 10:15:12'),
(219, 21, '36474856255', 'CREATE', '1', '36474856255|98157795032|63935625183', '', '63935625183', '2021-06-26 10:17:08'),
(220, 22, '36474856255', 'UPDATE', '1', '36474856255|98157795032|63935625183', '', '63935625183', '2021-06-26 10:17:08'),
(221, 34, NULL, 'UPDATE', '1', 'RESTI|3249582|PENYALUR|TAMAN RAHAYU|23|2021-06-24|INDONESIA|JL.MAWAR RT. 12 RW. 08 KEL. CIKETING KEC. BTG BEKASI 5371 JAWA BARAT CIKETINGUDIK|2021-06-15|63935625183', '', '63935625183', '2021-06-26 10:17:58'),
(222, 23, '36474856255', 'UPDATE', '1', 'RESTI|3249582|PENYALUR|TAMAN RAHAYU|23|2021-06-24|INDONESIA|JL.MAWAR RT. 12 RW. 08 KEL. CIKETING KEC. BTG BEKASI 5371 JAWA BARAT CIKETINGUDIK|2021-06-15|63935625183', '', '63935625183', '2021-06-26 10:17:58'),
(223, 1, NULL, NULL, NULL, 'SUKSES', NULL, '86629414379', '2021-06-26 10:18:44'),
(224, 9, '99847542180', 'UPDATE', '0', '', '0', '86629414379', '2021-06-26 10:20:40'),
(225, 1, NULL, NULL, NULL, 'SUKSES', NULL, '33730380207', '2021-06-26 10:22:58'),
(226, 1, NULL, NULL, NULL, 'SUKSES', NULL, '55650904902', '2021-06-26 10:23:53'),
(227, 24, '36474856255', 'UPDATE', '1', '1|86629414379|2021-06-26 18:24:06|/VI/2021', '1', '86629414379', '2021-06-26 10:24:06'),
(228, 1, NULL, NULL, NULL, 'SUKSES', NULL, '70702061090', '2021-06-26 10:25:04'),
(229, 1, NULL, NULL, NULL, 'SUKSES', NULL, '63935625183', '2021-06-26 10:26:39'),
(230, 1, NULL, NULL, NULL, 'SUKSES', NULL, '70702061090', '2021-06-26 10:28:47'),
(231, 1, NULL, NULL, NULL, 'SUKSES', NULL, '43632169105', '2021-06-26 10:31:44'),
(232, 1, NULL, NULL, NULL, 'SUKSES', NULL, '43632169105', '2021-06-26 10:31:44'),
(233, 25, '36830561761', 'CREATE', '1', '36830561761|70702061090', '', '70702061090', '2021-06-26 10:33:53'),
(234, 26, '99847542180', 'UPDATE', '1', '', '', '70702061090', '2021-06-26 10:33:53'),
(235, 33, '36830561761', 'UPDATE', '1', '92718486902|2|TAHUN|2021-06-01|2023-02-26|29|12|82037052359|29|4000000|150000|350000|200000|2000000|2|12|10|2021-06-19|PT. ASSALAM KARYA MANUNGGAL PUTRA|BERLYN|70702061090', '', '70702061090', '2021-06-26 10:39:14'),
(236, 27, '36830561761', 'UPDATE', '1', '92718486902|2|TAHUN|2021-06-01|2023-02-26|29|12|82037052359|29|4000000|150000|350000|200000|2000000|2|12|10|2021-06-19|PT. ASSALAM KARYA MANUNGGAL PUTRA|BERLYN|70702061090', '', '70702061090', '2021-06-26 10:39:14'),
(237, 1, NULL, NULL, NULL, 'SUKSES', NULL, '86629414379', '2021-06-26 10:39:58'),
(238, 28, '36830561761', 'UPDATE', '1', '1|86629414379|2021-06-26 18:41:21|/VI/2021', '1', '86629414379', '2021-06-26 10:41:21'),
(239, 9, '99847542180', 'UPDATE', '1', '', '0', '86629414379', '2021-06-26 10:41:36'),
(240, 1, NULL, NULL, NULL, 'SUKSES', NULL, '63935625183', '2021-06-26 10:42:30'),
(241, 1, NULL, NULL, NULL, 'SUKSES', NULL, '63935625183', '2021-06-26 10:48:35'),
(242, 38, '86677309273', 'CREATE', '1', '86677309273|PT TELKOM JAYA ASYIFA|32746829|KRANGGAN RAYA|089643823726|imamganten12@gmail.com|63935625183', '', '63935625183', '2021-06-26 10:52:45'),
(243, 42, '86677309273', 'CREATE', '1', '', NULL, '63935625183', '2021-06-26 10:53:19'),
(244, 29, '20457953445', 'CREATE', '1', '20457953445|IMAM|32857353|32745892|MEDAN RAYA|MEDAN|1998-06-24|2|63935625183', '', '63935625183', '2021-06-26 10:54:27'),
(245, 1, NULL, NULL, NULL, 'SUKSES', NULL, '70702061090', '2021-06-26 10:55:39'),
(246, 30, '20457953445', 'CREATE', '1', '', '1', '70702061090', '2021-06-26 10:56:01'),
(247, 1, NULL, NULL, NULL, 'SUKSES', NULL, '67027419424', '2021-06-26 10:56:43'),
(248, 4, NULL, 'UPDATE', NULL, 'SUKSES', NULL, '67027419424', '2021-06-26 10:56:53'),
(249, 14, '57138937481', 'CREATE', '1', NULL, NULL, '67027419424', '2021-06-26 11:01:18'),
(250, 16, '88054256601', 'CREATE', '1', NULL, NULL, '67027419424', '2021-06-26 11:01:18'),
(251, 15, '67573529266', 'CREATE', '1', '64836746484|57138937481|67573529266|Y||67027419424', NULL, '67027419424', '2021-06-26 11:01:18'),
(252, 15, '58575113282', 'CREATE', '1', '71989453041|57138937481|58575113282|N||67027419424', NULL, '67027419424', '2021-06-26 11:01:18'),
(253, 18, '61246324608', 'CREATE', '0', '', NULL, '67027419424', '2021-06-26 11:01:18'),
(254, 18, '46860494738', 'CREATE', '0', '', NULL, '67027419424', '2021-06-26 11:01:18'),
(255, 18, '36248215635', 'CREATE', '0', '', NULL, '67027419424', '2021-06-26 11:01:18'),
(256, 18, '13055384295', 'CREATE', '0', '', NULL, '67027419424', '2021-06-26 11:01:18'),
(257, 18, '31240201789', 'CREATE', '0', '', NULL, '67027419424', '2021-06-26 11:01:18'),
(258, 18, '49387349838', 'CREATE', '0', '', NULL, '67027419424', '2021-06-26 11:01:18'),
(259, 18, '16908362500', 'CREATE', '0', '', NULL, '67027419424', '2021-06-26 11:01:18'),
(260, 18, '10287337840', 'CREATE', '0', '', NULL, '67027419424', '2021-06-26 11:01:18'),
(261, 1, NULL, NULL, NULL, 'SUKSES', NULL, '63935625183', '2021-06-26 11:01:47'),
(262, 20, '57138937481', 'UPDATE', '1', '1|63935625183|2021-06-26 19:03:18', '1', '63935625183', '2021-06-26 11:03:18'),
(263, 1, NULL, NULL, NULL, 'SUKSES', NULL, '70702061090', '2021-06-26 11:03:36'),
(264, 1, NULL, NULL, NULL, 'SUKSES', NULL, '67027419424', '2021-06-26 11:07:36'),
(265, 17, '20335415804', 'CREATE', '1', '20335415804|57138937481|82037052359|NGEPEL|67027419424', '', '67027419424', '2021-06-26 11:08:30'),
(266, 1, NULL, NULL, NULL, 'SUKSES', NULL, '70702061090', '2021-06-26 11:08:54'),
(267, 40, '20335415804', 'UPDATE', '1', '', '', '70702061090', '2021-06-26 11:10:07'),
(268, 1, NULL, NULL, NULL, 'SUKSES', NULL, '63935625183', '2021-06-26 11:10:35'),
(269, 21, '66181635938', 'CREATE', '1', '66181635938|57138937481|63935625183', '', '63935625183', '2021-06-26 11:11:46'),
(270, 22, '66181635938', 'UPDATE', '1', '66181635938|57138937481|63935625183', '', '63935625183', '2021-06-26 11:11:47'),
(271, 34, NULL, 'UPDATE', '1', 'IMAM|32857353|PENYALUR|MEDAN RAYA|25|2021-04-09|INDONESIA|JL.MELATI RT. 03 RW. 04 KEL. CIMUNING KEC. MUSTIKA BEKASI 5032 JAWA BARAT CIKETING|2021-05-05|63935625183', '', '63935625183', '2021-06-26 11:12:15'),
(272, 23, '66181635938', 'UPDATE', '1', 'IMAM|32857353|PENYALUR|MEDAN RAYA|25|2021-04-09|INDONESIA|JL.MELATI RT. 03 RW. 04 KEL. CIMUNING KEC. MUSTIKA BEKASI 5032 JAWA BARAT CIKETING|2021-05-05|63935625183', '', '63935625183', '2021-06-26 11:12:15'),
(273, 1, NULL, NULL, NULL, 'SUKSES', NULL, '67027419424', '2021-06-26 11:12:44'),
(274, 24, '66181635938', 'UPDATE', '1', '1|67027419424|2021-06-26 19:14:09|/VI/2021', '1', '67027419424', '2021-06-26 11:14:09'),
(275, 1, NULL, NULL, NULL, 'SUKSES', NULL, '70702061090', '2021-06-26 11:31:46'),
(276, 25, '23561014244', 'CREATE', '1', '23561014244|70702061090', '', '70702061090', '2021-06-26 11:34:02'),
(277, 26, '20335415804', 'UPDATE', '1', '', '', '70702061090', '2021-06-26 11:34:02'),
(278, 33, '23561014244', 'UPDATE', '1', '86677309273|1|TAHUN|2021-05-18|2022-06-07|29|12|82037052359|28|4000000|150000|350000|200000|2000000|2|12|10|2021-06-15|PT TELKOM JAYA ASYIFA|SINTA|70702061090', '', '70702061090', '2021-06-26 11:37:17'),
(279, 27, '23561014244', 'UPDATE', '1', '86677309273|1|TAHUN|2021-05-18|2022-06-07|29|12|82037052359|28|4000000|150000|350000|200000|2000000|2|12|10|2021-06-15|PT TELKOM JAYA ASYIFA|SINTA|70702061090', '', '70702061090', '2021-06-26 11:37:17'),
(280, 1, NULL, NULL, NULL, 'SUKSES', NULL, '67027419424', '2021-06-26 11:37:42'),
(281, 28, '23561014244', 'UPDATE', '1', '1|67027419424|2021-06-26 19:40:21|/VI/2021', '1', '67027419424', '2021-06-26 11:40:21'),
(282, 9, '20335415804', 'UPDATE', '1', '', '0', '67027419424', '2021-06-26 11:40:55'),
(283, 1, NULL, NULL, NULL, 'SUKSES', NULL, '43632169105', '2021-06-26 12:29:34'),
(284, 1, NULL, NULL, NULL, 'SUKSES', NULL, '55650904902', '2021-06-26 12:30:09'),
(285, 17, '41133164823', 'CREATE', '1', '41133164823|43515268261|82037052359||55650904902', '', '55650904902', '2021-06-26 12:30:29'),
(286, 1, NULL, NULL, NULL, 'SUKSES', NULL, '63935625183', '2021-06-26 12:30:50'),
(287, 1, NULL, NULL, NULL, 'SUKSES', NULL, '43632169105', '2021-06-26 12:33:01'),
(288, 40, '41133164823', 'UPDATE', '1', '', '', '43632169105', '2021-06-26 12:33:30'),
(289, 1, NULL, NULL, NULL, 'SUKSES', NULL, '63935625183', '2021-06-26 12:36:59'),
(290, 21, '55130353872', 'CREATE', '1', '55130353872|43515268261|63935625183', '', '63935625183', '2021-06-26 12:57:31'),
(291, 22, '55130353872', 'UPDATE', '1', '55130353872|43515268261|63935625183', '', '63935625183', '2021-06-26 12:57:31'),
(292, 34, NULL, 'UPDATE', '1', 'TESTING PENYALUR|8374829858393848|PENYALUR|JAADA|12|2021-06-26|INDONESIA|JL. RAYA KRANGGAN NO. 6 JATISAMPURNA BEKASI. RT. 001 RW. 009 KEL. JATISAMPURNA KEC. JATIRANGGA BEKASI 14 JAWA BARAT BEKASI|2021-06-27|63935625183', '', '63935625183', '2021-06-26 13:01:37'),
(293, 23, '55130353872', 'UPDATE', '1', 'TESTING PENYALUR|8374829858393848|PENYALUR|JAADA|12|2021-06-26|INDONESIA|JL. RAYA KRANGGAN NO. 6 JATISAMPURNA BEKASI. RT. 001 RW. 009 KEL. JATISAMPURNA KEC. JATIRANGGA BEKASI 14 JAWA BARAT BEKASI|2021-06-27|63935625183', '', '63935625183', '2021-06-26 13:01:37'),
(294, 1, NULL, NULL, NULL, 'SUKSES', NULL, '55650904902', '2021-06-26 13:01:54'),
(295, 24, '55130353872', 'UPDATE', '1', '1|55650904902|2021-06-26 21:02:20|/VI/2021', '1', '55650904902', '2021-06-26 13:02:20'),
(296, 1, NULL, NULL, NULL, 'SUKSES', NULL, '43632169105', '2021-06-26 13:02:45'),
(297, 25, '97760206879', 'CREATE', '1', '97760206879|43632169105', '', '43632169105', '2021-06-26 13:03:54'),
(298, 26, '41133164823', 'UPDATE', '1', '', '', '43632169105', '2021-06-26 13:03:54'),
(299, 1, NULL, NULL, NULL, 'SUKSES', NULL, '24913227228', '2021-06-27 03:51:19'),
(300, 1, NULL, NULL, NULL, 'SUKSES', NULL, '70702061090', '2021-06-27 03:54:20'),
(301, 1, NULL, NULL, NULL, 'SUKSES', NULL, '24913227228', '2021-06-27 03:56:55'),
(302, 1, NULL, NULL, NULL, 'SUKSES', NULL, '63935625183', '2021-06-27 11:21:09'),
(303, 29, '69136096396', 'CREATE', '1', '69136096396|UDIN|5136649|2326158418|JL. KEMAKMURAN III, BEKASI SELATAN|BANTAR GEBANG|1994-02-22|2|63935625183', '', '63935625183', '2021-06-27 11:29:46'),
(304, 1, NULL, NULL, NULL, 'SUKSES', NULL, '70702061090', '2021-06-27 11:30:37'),
(305, 30, '69136096396', 'CREATE', '1', '', '1', '70702061090', '2021-06-27 11:31:13'),
(306, 1, NULL, NULL, NULL, 'SUKSES', NULL, '33427054656', '2021-06-27 11:32:51'),
(307, 4, NULL, 'UPDATE', NULL, 'SUKSES', NULL, '33427054656', '2021-06-27 11:32:54'),
(308, 14, '15648987259', 'CREATE', '1', NULL, NULL, '33427054656', '2021-06-27 11:40:18'),
(309, 16, '47099867192', 'CREATE', '1', NULL, NULL, '33427054656', '2021-06-27 11:40:18'),
(310, 15, '67573529266', 'CREATE', '1', '60388131246|15648987259|67573529266|Y||33427054656', NULL, '33427054656', '2021-06-27 11:40:18'),
(311, 15, '58575113282', 'CREATE', '1', '58731856079|15648987259|58575113282|N||33427054656', NULL, '33427054656', '2021-06-27 11:40:18'),
(312, 18, '97702523444', 'CREATE', '0', '', NULL, '33427054656', '2021-06-27 11:40:18'),
(313, 18, '38804941251', 'CREATE', '0', '', NULL, '33427054656', '2021-06-27 11:40:18'),
(314, 18, '48477979048', 'CREATE', '0', '', NULL, '33427054656', '2021-06-27 11:40:18'),
(315, 18, '39678955861', 'CREATE', '0', '', NULL, '33427054656', '2021-06-27 11:40:18'),
(316, 18, '18911977963', 'CREATE', '0', '', NULL, '33427054656', '2021-06-27 11:40:18'),
(317, 18, '59349508610', 'CREATE', '0', '', NULL, '33427054656', '2021-06-27 11:40:18'),
(318, 18, '33290676487', 'CREATE', '0', '', NULL, '33427054656', '2021-06-27 11:40:18'),
(319, 18, '07675844014', 'CREATE', '0', '', NULL, '33427054656', '2021-06-27 11:40:18'),
(320, 1, NULL, NULL, NULL, 'SUKSES', NULL, '63935625183', '2021-06-27 11:41:31'),
(321, 20, '15648987259', 'UPDATE', '1', '1|63935625183|2021-06-27 19:41:51', '1', '63935625183', '2021-06-27 11:41:51'),
(322, 17, '51569396812', 'CREATE', '1', '51569396812|15648987259|82037052359|NYAPU HALAMAN|33427054656', '', '33427054656', '2021-06-27 11:42:33'),
(323, 1, NULL, NULL, NULL, 'SUKSES', NULL, '70702061090', '2021-06-27 11:42:54'),
(324, 40, '51569396812', 'UPDATE', '1', '', '', '70702061090', '2021-06-27 11:43:12'),
(325, 1, NULL, NULL, NULL, 'SUKSES', NULL, '63935625183', '2021-06-27 11:43:39'),
(326, 21, '09534739944', 'CREATE', '1', '09534739944|15648987259|63935625183', '', '63935625183', '2021-06-27 11:43:50'),
(327, 22, '09534739944', 'UPDATE', '1', '09534739944|15648987259|63935625183', '', '63935625183', '2021-06-27 11:43:50'),
(328, 23, '09534739944', 'UPDATE', '1', 'UDIN|5136649|PENYALUR|JL. KEMAKMURAN III, BEKASI SELATAN|5894|2021-02-06|INDONESIA|JL. SERSAN IDRIS BEKASI SELATAN RT. 03 RW. 03 KEL. MARGAJAYA KEC. BEKASI SELATAN BEKASI 17141 JAWA BARAT |2021-06-06|63935625183', '', '63935625183', '2021-06-27 11:44:28'),
(329, 34, NULL, 'UPDATE', '1', 'UDIN|5136649|PENYALUR|JL. KEMAKMURAN III, BEKASI SELATAN|5894|2021-02-06|INDONESIA|JL. SERSAN IDRIS BEKASI SELATAN RT. 03 RW. 03 KEL. MARGAJAYA KEC. BEKASI SELATAN BEKASI 17141 JAWA BARAT |2021-06-06|63935625183', '', '63935625183', '2021-06-27 11:44:35'),
(330, 23, '09534739944', 'UPDATE', '1', 'UDIN|5136649|PENYALUR|JL. KEMAKMURAN III, BEKASI SELATAN|5894|2021-02-06|INDONESIA|JL. SERSAN IDRIS BEKASI SELATAN RT. 03 RW. 03 KEL. MARGAJAYA KEC. BEKASI SELATAN BEKASI 17141 JAWA BARAT |2021-06-06|63935625183', '', '63935625183', '2021-06-27 11:44:35'),
(331, 1, NULL, NULL, NULL, 'SUKSES', NULL, '63935625183', '2021-06-27 11:44:59'),
(332, 24, '09534739944', 'UPDATE', '1', '1|33427054656|2021-06-27 19:45:25|/VI/2021', '1', '33427054656', '2021-06-27 11:45:25'),
(333, 1, NULL, NULL, NULL, 'SUKSES', NULL, '70702061090', '2021-06-27 11:46:07'),
(334, 25, '67514277527', 'CREATE', '1', '67514277527|70702061090', '', '70702061090', '2021-06-27 11:46:27'),
(335, 26, '51569396812', 'UPDATE', '1', '', '', '70702061090', '2021-06-27 11:46:27'),
(336, 33, '67514277527', 'UPDATE', '1', '86677309273|1|TAHUN|2021-06-27|2022-06-27|29|12|82037052359|25|4000000|150000|350000|200000|2000000|2|6|2|2021-09-05|PT TELKOM JAYA ASYIFA|MARLON|70702061090', '', '70702061090', '2021-06-27 11:47:38'),
(337, 27, '67514277527', 'UPDATE', '1', '86677309273|1|TAHUN|2021-06-27|2022-06-27|29|12|82037052359|25|4000000|150000|350000|200000|2000000|2|6|2|2021-09-05|PT TELKOM JAYA ASYIFA|MARLON|70702061090', '', '70702061090', '2021-06-27 11:47:38'),
(338, 28, '67514277527', 'UPDATE', '1', '1|33427054656|2021-06-27 19:49:26|/VI/2021', '1', '33427054656', '2021-06-27 11:49:26'),
(339, 1, NULL, NULL, NULL, 'SUKSES', NULL, '63935625183', '2021-06-27 13:41:49'),
(340, 1, NULL, NULL, NULL, 'SUKSES', NULL, '63935625183', '2021-06-27 13:47:05'),
(341, 1, NULL, NULL, NULL, 'SUKSES', NULL, '70702061090', '2021-06-27 15:06:14'),
(342, 1, NULL, NULL, NULL, 'SUKSES', NULL, '63935625183', '2021-06-27 15:06:40'),
(343, 1, NULL, NULL, NULL, 'SUKSES', NULL, '70702061090', '2021-06-27 15:07:41'),
(344, 1, NULL, NULL, NULL, 'SUKSES', NULL, '67027419424', '2021-06-27 15:08:42'),
(345, 1, NULL, NULL, NULL, 'SUKSES', NULL, '70702061090', '2021-06-27 15:09:03'),
(346, 1, NULL, NULL, NULL, 'SUKSES', NULL, '63935625183', '2021-06-27 15:10:44'),
(347, 1, NULL, NULL, NULL, 'SUKSES', NULL, '63935625183', '2021-06-27 15:11:33'),
(348, 29, '55111876473', 'CREATE', '1', '55111876473|INTAN|324563|325788|BANDUNG|BANDUNG|1998-06-04|1|63935625183', '', '63935625183', '2021-06-27 17:34:35'),
(349, 1, NULL, NULL, NULL, 'SUKSES', NULL, '70702061090', '2021-06-27 17:34:53'),
(350, 1, NULL, NULL, NULL, 'SUKSES', NULL, '63935625183', '2021-06-28 04:35:11'),
(351, 1, NULL, NULL, NULL, 'SUKSES', NULL, '70702061090', '2021-06-28 04:48:02'),
(352, 1, NULL, NULL, NULL, 'SUKSES', NULL, '63935625183', '2021-06-28 05:03:56'),
(353, 29, '11789424119', 'CREATE', '1', '11789424119|AMEL|32456456|325673|TRR 1|CIMAHI|1999-03-12|2|63935625183', '', '63935625183', '2021-06-28 05:46:10'),
(354, 1, NULL, NULL, NULL, 'SUKSES', NULL, '70702061090', '2021-06-28 05:46:31'),
(355, 30, '11789424119', 'CREATE', '1', '', '1', '70702061090', '2021-06-28 05:46:48'),
(356, 1, NULL, NULL, NULL, 'SUKSES', NULL, '77948121680', '2021-06-28 05:47:38'),
(357, 4, NULL, 'UPDATE', NULL, 'SUKSES', NULL, '77948121680', '2021-06-28 05:47:53'),
(358, 14, '93834114568', 'CREATE', '1', NULL, NULL, '77948121680', '2021-06-28 05:51:35'),
(359, 16, '03566212221', 'CREATE', '1', NULL, NULL, '77948121680', '2021-06-28 05:51:35'),
(360, 15, '67573529266', 'CREATE', '1', '87792554976|93834114568|67573529266|Y||77948121680', NULL, '77948121680', '2021-06-28 05:51:35'),
(361, 15, '58575113282', 'CREATE', '1', '08296878811|93834114568|58575113282|N||77948121680', NULL, '77948121680', '2021-06-28 05:51:35'),
(362, 18, '56812093038', 'CREATE', '0', '', NULL, '77948121680', '2021-06-28 05:51:35'),
(363, 18, '43051123685', 'CREATE', '0', '', NULL, '77948121680', '2021-06-28 05:51:35'),
(364, 18, '07186202167', 'CREATE', '0', '', NULL, '77948121680', '2021-06-28 05:51:35'),
(365, 18, '89134238389', 'CREATE', '0', '', NULL, '77948121680', '2021-06-28 05:51:35'),
(366, 18, '21469301956', 'CREATE', '0', '', NULL, '77948121680', '2021-06-28 05:51:35'),
(367, 18, '53727680913', 'CREATE', '0', '', NULL, '77948121680', '2021-06-28 05:51:35'),
(368, 18, '55414590217', 'CREATE', '0', '', NULL, '77948121680', '2021-06-28 05:51:35'),
(369, 18, '40348121762', 'CREATE', '0', '', NULL, '77948121680', '2021-06-28 05:51:35'),
(370, 1, NULL, NULL, NULL, 'SUKSES', NULL, '63935625183', '2021-06-28 05:52:00'),
(371, 20, '93834114568', 'UPDATE', '1', '1|63935625183|2021-06-28 13:52:21', '1', '63935625183', '2021-06-28 05:52:21'),
(372, 39, '49872239999', 'CREATE', '1', '49872239999|LOWONGAN SUPIR|82037052359|NYUPIR|ID|CIBARUSAH|N|RUMAH BELAJAR|angeloasyifa21@gmail.com|328795|3400000|20000|20000|35000|120000|2|1|TAHUN|29|HARI|8|4|63935625183', '', '63935625183', '2021-06-28 05:55:19'),
(373, 1, NULL, NULL, NULL, 'SUKSES', NULL, '70702061090', '2021-06-28 05:56:05'),
(374, 1, NULL, NULL, NULL, 'SUKSES', NULL, '70702061090', '2021-06-28 06:13:56'),
(375, 1, NULL, NULL, NULL, 'SUKSES', NULL, '63935625183', '2021-06-28 06:14:54'),
(376, 1, NULL, NULL, NULL, 'SUKSES', NULL, '70702061090', '2021-06-28 06:18:08'),
(377, 1, NULL, NULL, NULL, 'SUKSES', NULL, '63935625183', '2021-06-28 06:24:11'),
(378, 1, NULL, NULL, NULL, 'SUKSES', NULL, '70702061090', '2021-06-28 06:27:24'),
(379, 1, NULL, NULL, NULL, 'SUKSES', NULL, '86629414379', '2021-06-28 06:28:55'),
(380, 1, NULL, NULL, NULL, 'SUKSES', NULL, '63935625183', '2021-06-28 06:30:25'),
(381, 29, '05093515114', 'CREATE', '1', '05093515114|MARTIN|325874|325577|JL.MEDAN|BEKASI|1998-05-12|2|63935625183', '', '63935625183', '2021-06-28 06:31:12'),
(382, 1, NULL, NULL, NULL, 'SUKSES', NULL, '63935625183', '2021-06-28 07:23:37'),
(383, 29, '39826788475', 'CREATE', '1', '39826788475|TIARA|32948724|3285739284|JL.SERSAN|BEKASI|1999-05-11|2|63935625183', '', '63935625183', '2021-06-28 07:28:26'),
(384, 1, NULL, NULL, NULL, 'SUKSES', NULL, '70702061090', '2021-06-28 07:28:47'),
(385, 30, '39826788475', 'CREATE', '1', '', '1', '70702061090', '2021-06-28 07:29:24'),
(386, 1, NULL, NULL, NULL, 'SUKSES', NULL, '63935625183', '2021-06-28 07:35:27'),
(387, 1, NULL, NULL, NULL, 'SUKSES', NULL, '63935625183', '2021-06-28 07:38:04'),
(388, 38, '85957863617', 'CREATE', '1', '85957863617|PT SETIABUDI|3294763|DUKUH ZAMRUD|08963647247|favian12@gmail.com|63935625183', '', '63935625183', '2021-06-28 07:41:16'),
(389, 42, '85957863617', 'CREATE', '1', '', NULL, '63935625183', '2021-06-28 07:41:45'),
(390, 1, NULL, NULL, NULL, 'SUKSES', NULL, '77948121680', '2021-06-28 07:43:12'),
(391, 1, NULL, NULL, NULL, 'SUKSES', NULL, '77948121680', '2021-06-28 07:43:47'),
(392, 1, NULL, NULL, NULL, 'SUKSES', NULL, '70702061090', '2021-06-28 07:48:30'),
(393, 14, '69780407925', 'CREATE', '1', NULL, NULL, '77948121680', '2021-06-28 08:04:31'),
(394, 16, '22154382108', 'CREATE', '1', NULL, NULL, '77948121680', '2021-06-28 08:04:31'),
(395, 15, '67573529266', 'CREATE', '1', '87627989353|69780407925|67573529266|Y||77948121680', NULL, '77948121680', '2021-06-28 08:04:31'),
(396, 15, '58575113282', 'CREATE', '1', '93243842322|69780407925|58575113282|N||77948121680', NULL, '77948121680', '2021-06-28 08:04:31'),
(397, 18, '84290017063', 'CREATE', '0', '', NULL, '77948121680', '2021-06-28 08:04:31'),
(398, 18, '51054554719', 'CREATE', '0', '', NULL, '77948121680', '2021-06-28 08:04:31'),
(399, 18, '85090619872', 'CREATE', '0', '', NULL, '77948121680', '2021-06-28 08:04:31'),
(400, 18, '48825837314', 'CREATE', '0', '', NULL, '77948121680', '2021-06-28 08:04:31'),
(401, 18, '25341615519', 'CREATE', '0', '', NULL, '77948121680', '2021-06-28 08:04:31'),
(402, 18, '71653629397', 'CREATE', '0', '', NULL, '77948121680', '2021-06-28 08:04:31'),
(403, 18, '82236390675', 'CREATE', '0', '', NULL, '77948121680', '2021-06-28 08:04:32'),
(404, 18, '88448289374', 'CREATE', '0', '', NULL, '77948121680', '2021-06-28 08:04:32'),
(405, 1, NULL, NULL, NULL, 'SUKSES', NULL, '63935625183', '2021-06-28 08:06:07'),
(406, 20, '69780407925', 'UPDATE', '1', '1|63935625183|2021-06-28 16:06:25', '1', '63935625183', '2021-06-28 08:06:25'),
(407, 1, NULL, NULL, NULL, 'SUKSES', NULL, '77948121680', '2021-06-28 08:07:02'),
(408, 1, NULL, NULL, NULL, 'SUKSES', NULL, '77948121680', '2021-06-28 08:07:17'),
(409, 17, '89907203728', 'CREATE', '1', '89907203728|69780407925|82037052359|MENGURUS BAYI|77948121680', '', '77948121680', '2021-06-28 08:08:18'),
(410, 1, NULL, NULL, NULL, 'SUKSES', NULL, '70702061090', '2021-06-28 08:10:01'),
(411, 1, NULL, NULL, NULL, 'SUKSES', NULL, '70702061090', '2021-06-28 08:10:23'),
(412, 1, NULL, NULL, NULL, 'SUKSES', NULL, '63935625183', '2021-06-28 08:13:21'),
(413, 1, NULL, NULL, NULL, 'SUKSES', NULL, '63935625183', '2021-06-28 08:13:47'),
(414, 1, NULL, NULL, NULL, 'SUKSES', NULL, '70702061090', '2021-06-28 08:16:12'),
(415, 1, NULL, NULL, NULL, 'SUKSES', NULL, '70702061090', '2021-06-28 08:16:16'),
(416, 40, '89907203728', 'UPDATE', '1', '', '', '70702061090', '2021-06-28 08:17:07'),
(417, 1, NULL, NULL, NULL, 'SUKSES', NULL, '63935625183', '2021-06-28 08:17:29'),
(418, 1, NULL, NULL, NULL, 'SUKSES', NULL, '63935625183', '2021-06-28 08:17:48'),
(419, 21, '67481019884', 'CREATE', '1', '67481019884|69780407925|63935625183', '', '63935625183', '2021-06-28 08:18:06'),
(420, 22, '67481019884', 'UPDATE', '1', '67481019884|69780407925|63935625183', '', '63935625183', '2021-06-28 08:18:06'),
(421, 34, NULL, 'UPDATE', '1', 'AMEL|32456456|PENYALUR|TRR 1|32|2020-06-12|INDONESIA|JL.MAWAR RAYA RT. 04 RW. 05 KEL. CIKETING KEC. BTG BEKASI 5423 JAWA BARAT CIKETING|2021-07-08|63935625183', '', '63935625183', '2021-06-28 08:20:32'),
(422, 23, '67481019884', 'UPDATE', '1', 'AMEL|32456456|PENYALUR|TRR 1|32|2020-06-12|INDONESIA|JL.MAWAR RAYA RT. 04 RW. 05 KEL. CIKETING KEC. BTG BEKASI 5423 JAWA BARAT CIKETING|2021-07-08|63935625183', '', '63935625183', '2021-06-28 08:20:32'),
(423, 1, NULL, NULL, NULL, 'SUKSES', NULL, '77948121680', '2021-06-28 08:21:19'),
(424, 1, NULL, NULL, NULL, 'SUKSES', NULL, '77948121680', '2021-06-28 08:21:39'),
(425, 9, '89907203728', 'UPDATE', '0', '', '0', '77948121680', '2021-06-28 08:27:30'),
(426, 24, '67481019884', 'UPDATE', '1', '1|77948121680|2021-06-28 16:29:08|/VI/2021', '1', '77948121680', '2021-06-28 08:29:08'),
(427, 1, NULL, NULL, NULL, 'SUKSES', NULL, '70702061090', '2021-06-28 08:30:26'),
(428, 1, NULL, NULL, NULL, 'SUKSES', NULL, '70702061090', '2021-06-28 08:31:48'),
(429, 25, '76863707574', 'CREATE', '1', '76863707574|70702061090', '', '70702061090', '2021-06-28 08:36:09'),
(430, 26, '89907203728', 'UPDATE', '1', '', '', '70702061090', '2021-06-28 08:36:09'),
(431, 33, '76863707574', 'UPDATE', '1', '86677309273|2|TAHUN|2021-06-16|2023-06-05|29|12|82037052359|25|4000000|150000|350000|200000|2000000|2|12|10|2021-06-01|PT TELKOM JAYA ASYIFA|RINDI|70702061090', '', '70702061090', '2021-06-28 08:38:47'),
(432, 27, '76863707574', 'UPDATE', '1', '86677309273|2|TAHUN|2021-06-16|2023-06-05|29|12|82037052359|25|4000000|150000|350000|200000|2000000|2|12|10|2021-06-01|PT TELKOM JAYA ASYIFA|RINDI|70702061090', '', '70702061090', '2021-06-28 08:38:47'),
(433, 1, NULL, NULL, NULL, 'SUKSES', NULL, '77948121680', '2021-06-28 08:39:22'),
(434, 1, NULL, NULL, NULL, 'SUKSES', NULL, '77948121680', '2021-06-28 08:40:11'),
(435, 28, '76863707574', 'UPDATE', '1', '1|77948121680|2021-06-28 16:43:50|/VI/2021', '1', '77948121680', '2021-06-28 08:43:50'),
(436, 9, '89907203728', 'UPDATE', '1', '', '0', '77948121680', '2021-06-28 08:44:05'),
(437, 1, NULL, NULL, NULL, 'SUKSES', NULL, '63935625183', '2021-06-28 09:06:12'),
(438, 1, NULL, NULL, NULL, 'SUKSES', NULL, '70702061090', '2021-06-28 09:14:12'),
(439, 30, '55111876473', 'CREATE', '1', '', '1', '70702061090', '2021-06-28 09:15:26'),
(440, 1, NULL, NULL, NULL, 'SUKSES', NULL, '77948121680', '2021-06-28 09:17:41'),
(441, 1, NULL, NULL, NULL, 'SUKSES', NULL, '63935625183', '2021-06-28 09:25:33'),
(442, 1, NULL, NULL, NULL, 'SUKSES', NULL, '77948121680', '2021-06-28 09:27:46'),
(443, 1, NULL, NULL, NULL, 'SUKSES', NULL, '63935625183', '2021-06-28 09:34:47'),
(444, 1, NULL, NULL, NULL, 'SUKSES', NULL, '77948121680', '2021-06-28 09:42:54'),
(445, 1, NULL, NULL, NULL, 'SUKSES', NULL, '70702061090', '2021-06-28 09:45:45'),
(446, 1, NULL, NULL, NULL, 'SUKSES', NULL, '63935625183', '2021-06-28 09:51:34'),
(447, 1, NULL, NULL, NULL, 'SUKSES', NULL, '77948121680', '2021-06-28 09:59:14'),
(448, 1, NULL, NULL, NULL, 'SUKSES', NULL, '70702061090', '2021-06-28 10:06:35'),
(449, 1, NULL, NULL, NULL, 'SUKSES', NULL, '77948121680', '2021-06-28 10:13:19'),
(450, 1, NULL, NULL, NULL, 'SUKSES', NULL, '63935625183', '2021-06-28 10:49:02'),
(451, 38, '86779238522', 'CREATE', '1', '86779238522|PT R A SEJAHTERA|92838299238|KOMP. KELAPA GADING|02121183121|rasejahtera@gmail.com|63935625183', '', '63935625183', '2021-06-28 11:03:15'),
(452, 42, '86779238522', 'CREATE', '1', '', NULL, '63935625183', '2021-06-28 11:07:51'),
(453, 29, '89595150334', 'CREATE', '1', '89595150334|SAFIRA|3212197239123|20393239|JL. BOJONG KULUR|TEGAL|1998-10-19|4|63935625183', '', '63935625183', '2021-06-28 11:30:27'),
(454, 1, NULL, NULL, NULL, 'SUKSES', NULL, '70702061090', '2021-06-28 11:32:00'),
(455, 30, '89595150334', 'CREATE', '1', '', '1', '70702061090', '2021-06-28 11:33:03'),
(456, 1, NULL, NULL, NULL, 'SUKSES', NULL, '12205428825', '2021-06-28 11:33:34'),
(457, 4, NULL, 'UPDATE', NULL, 'SUKSES', NULL, '12205428825', '2021-06-28 11:34:02'),
(458, 4, NULL, 'UPDATE', NULL, 'SUKSES', NULL, NULL, '2021-06-28 11:34:04'),
(459, 1, NULL, NULL, NULL, 'SUKSES', NULL, '63935625183', '2021-06-28 11:38:35'),
(460, 14, '89633022735', 'CREATE', '1', NULL, NULL, '12205428825', '2021-06-28 11:55:08'),
(461, 16, '82977903027', 'CREATE', '1', NULL, NULL, '12205428825', '2021-06-28 11:55:08'),
(462, 15, '67573529266', 'CREATE', '1', '44648325098|89633022735|67573529266|N||12205428825', NULL, '12205428825', '2021-06-28 11:55:08'),
(463, 15, '58575113282', 'CREATE', '1', '19406232233|89633022735|58575113282|N||12205428825', NULL, '12205428825', '2021-06-28 11:55:08'),
(464, 18, '51056034818', 'CREATE', '0', '', NULL, '12205428825', '2021-06-28 11:55:08'),
(465, 18, '74455451550', 'CREATE', '0', '', NULL, '12205428825', '2021-06-28 11:55:08'),
(466, 18, '18990537459', 'CREATE', '0', '', NULL, '12205428825', '2021-06-28 11:55:08'),
(467, 18, '31139784546', 'CREATE', '0', '', NULL, '12205428825', '2021-06-28 11:55:08'),
(468, 18, '98476499300', 'CREATE', '0', '', NULL, '12205428825', '2021-06-28 11:55:08'),
(469, 18, '34289254567', 'CREATE', '0', '', NULL, '12205428825', '2021-06-28 11:55:08'),
(470, 18, '00545949493', 'CREATE', '0', '', NULL, '12205428825', '2021-06-28 11:55:08'),
(471, 18, '54883812514', 'CREATE', '0', '', NULL, '12205428825', '2021-06-28 11:55:08'),
(472, 1, NULL, NULL, NULL, 'SUKSES', NULL, '63935625183', '2021-06-28 12:11:27'),
(473, 20, '89633022735', 'UPDATE', '1', '1|63935625183|2021-06-28 20:38:51', '1', '63935625183', '2021-06-28 12:38:51'),
(474, 1, NULL, NULL, NULL, 'SUKSES', NULL, '12205428825', '2021-06-28 12:46:30'),
(475, 17, '26121408718', 'CREATE', '1', '26121408718|89633022735|82037052359|TAKE CARE A CHILD|12205428825', '', '12205428825', '2021-06-28 13:40:10'),
(476, 1, NULL, NULL, NULL, 'SUKSES', NULL, '33730380207', '2021-06-28 18:51:44'),
(477, 1, NULL, NULL, NULL, 'SUKSES', NULL, '55650904902', '2021-06-28 18:52:05'),
(478, 1, NULL, NULL, NULL, 'SUKSES', NULL, '33730380207', '2021-06-28 18:55:22'),
(479, 35, '91364055944', 'UPDATE', '1', NULL, NULL, '55650904902', '2021-06-28 18:58:58'),
(480, 36, '50685618000', 'UPDATE', '1', NULL, NULL, '55650904902', '2021-06-28 18:58:58'),
(481, 37, '18597763700', 'UPDATE', '1', 'N|BERSEDIA|55650904902', NULL, '55650904902', '2021-06-28 18:58:58'),
(482, 37, '95536692643', 'UPDATE', '1', 'N|TIDAK MEMILIKI|55650904902', NULL, '55650904902', '2021-06-28 18:58:58'),
(483, 18, '10468955569', 'CREATE', '0', '', NULL, '55650904902', '2021-06-28 18:58:58'),
(484, 18, '13099904866', 'CREATE', '0', '', NULL, '55650904902', '2021-06-28 18:58:58'),
(485, 18, '56139274336', 'CREATE', '0', '', NULL, '55650904902', '2021-06-28 18:58:58'),
(486, 18, '78402381352', 'CREATE', '0', '', NULL, '55650904902', '2021-06-28 18:58:58'),
(487, 18, '41767142157', 'CREATE', '0', '', NULL, '55650904902', '2021-06-28 18:58:58'),
(488, 18, '41739983893', 'CREATE', '0', '', NULL, '55650904902', '2021-06-28 18:58:58'),
(489, 18, '96677070817', 'CREATE', '0', '', NULL, '55650904902', '2021-06-28 18:58:58'),
(490, 18, '93410637132', 'CREATE', '1', '93410637132|91364055944|50132812553|./assets/uploaded/tki|10468955569.jpg|55650904902', NULL, '55650904902', '2021-06-28 18:58:58'),
(491, 20, '91364055944', 'UPDATE', '1', NULL, NULL, '55650904902', '2021-06-28 18:58:58'),
(492, 35, '91364055944', 'UPDATE', '1', NULL, NULL, '55650904902', '2021-06-28 18:59:10'),
(493, 36, '50685618000', 'UPDATE', '1', NULL, NULL, '55650904902', '2021-06-28 18:59:10');
INSERT INTO `LOG` (`ID`, `JENIS`, `CODE`, `AKSI`, `STATUS`, `CATATAN`, `CHANGE_STATUS`, `ID_USER`, `INSERT_DATE`) VALUES
(494, 37, '18597763700', 'UPDATE', '1', 'N|BERSEDIA|55650904902', NULL, '55650904902', '2021-06-28 18:59:10'),
(495, 37, '95536692643', 'UPDATE', '1', 'N|TIDAK MEMILIKI|55650904902', NULL, '55650904902', '2021-06-28 18:59:10'),
(496, 18, '69448120361', 'CREATE', '1', '69448120361|91364055944|53890630510|./assets/uploaded/tki|69448120361.jpg|55650904902', NULL, '55650904902', '2021-06-28 18:59:10'),
(497, 18, '35980291448', 'CREATE', '0', '', NULL, '55650904902', '2021-06-28 18:59:10'),
(498, 18, '72521124696', 'CREATE', '0', '', NULL, '55650904902', '2021-06-28 18:59:10'),
(499, 18, '60021258942', 'CREATE', '0', '', NULL, '55650904902', '2021-06-28 18:59:10'),
(500, 18, '95363644039', 'CREATE', '0', '', NULL, '55650904902', '2021-06-28 18:59:10'),
(501, 18, '10311977126', 'CREATE', '0', '', NULL, '55650904902', '2021-06-28 18:59:10'),
(502, 18, '47485953923', 'CREATE', '0', '', NULL, '55650904902', '2021-06-28 18:59:10'),
(503, 20, '91364055944', 'UPDATE', '1', NULL, NULL, '55650904902', '2021-06-28 18:59:10'),
(504, 1, NULL, NULL, NULL, 'SUKSES', NULL, '70702061090', '2021-06-29 07:09:22'),
(505, 40, '26121408718', 'UPDATE', '1', '', '', '70702061090', '2021-06-29 07:32:36'),
(506, 1, NULL, NULL, NULL, 'SUKSES', NULL, '63935625183', '2021-06-29 12:02:25'),
(507, 21, '55348260233', 'CREATE', '1', '55348260233|89633022735|63935625183', '', '63935625183', '2021-06-29 12:07:30'),
(508, 22, '55348260233', 'UPDATE', '1', '55348260233|89633022735|63935625183', '', '63935625183', '2021-06-29 12:07:30'),
(509, 34, NULL, 'UPDATE', '1', 'SAFIRA|3212197239123|PENYALUR|JL. BOJONG KULUR|10|2021-06-29|INDONESIA|JL. CISADANE RT. 001 RW. 002 KEL. BOJONG KEC. BOJONG BARAT BOGOR 12323 JAWA TIMUR BOJONG|2021-06-29|63935625183', '', '63935625183', '2021-06-29 12:11:18'),
(510, 23, '55348260233', 'UPDATE', '1', 'SAFIRA|3212197239123|PENYALUR|JL. BOJONG KULUR|10|2021-06-29|INDONESIA|JL. CISADANE RT. 001 RW. 002 KEL. BOJONG KEC. BOJONG BARAT BOGOR 12323 JAWA TIMUR BOJONG|2021-06-29|63935625183', '', '63935625183', '2021-06-29 12:11:18'),
(511, 1, NULL, NULL, NULL, 'SUKSES', NULL, '12205428825', '2021-06-29 12:28:13'),
(512, 1, NULL, NULL, NULL, 'SUKSES', NULL, '63935625183', '2021-06-29 12:46:52'),
(513, 29, '38398129424', 'CREATE', '1', '38398129424|ANGGI|3242165|3256632|PANGKALAN 5|MEDAN|2002-03-15|3|63935625183', '', '63935625183', '2021-06-29 12:47:50'),
(514, 1, NULL, NULL, NULL, 'SUKSES', NULL, '70702061090', '2021-06-29 12:49:02'),
(515, 30, '38398129424', 'CREATE', '1', '', '1', '70702061090', '2021-06-29 12:49:31'),
(516, 1, NULL, NULL, NULL, 'SUKSES', NULL, '68119264882', '2021-06-29 12:50:15'),
(517, 4, NULL, 'UPDATE', NULL, 'SUKSES', NULL, '68119264882', '2021-06-29 12:50:25'),
(518, 14, '81019540111', 'CREATE', '1', NULL, NULL, '68119264882', '2021-06-29 12:53:38'),
(519, 16, '51292746411', 'CREATE', '1', NULL, NULL, '68119264882', '2021-06-29 12:53:38'),
(520, 15, '67573529266', 'CREATE', '1', '17680022807|81019540111|67573529266|Y||68119264882', NULL, '68119264882', '2021-06-29 12:53:38'),
(521, 15, '58575113282', 'CREATE', '1', '33688978163|81019540111|58575113282|N||68119264882', NULL, '68119264882', '2021-06-29 12:53:38'),
(522, 18, '25108239319', 'CREATE', '1', '25108239319|81019540111|53890630510|./assets/uploaded/tki|25108239319.jpg|68119264882', NULL, '68119264882', '2021-06-29 12:53:38'),
(523, 18, '89307667247', 'CREATE', '1', '89307667247|81019540111|79014042052|./assets/uploaded/tki|251082393191.jpg|68119264882', NULL, '68119264882', '2021-06-29 12:53:38'),
(524, 18, '34509141502', 'CREATE', '1', '34509141502|81019540111|29836358418|./assets/uploaded/tki|251082393192.jpg|68119264882', NULL, '68119264882', '2021-06-29 12:53:38'),
(525, 18, '88086928462', 'CREATE', '1', '88086928462|81019540111|95932287375|./assets/uploaded/tki|251082393193.jpg|68119264882', NULL, '68119264882', '2021-06-29 12:53:38'),
(526, 18, '95580628426', 'CREATE', '1', '95580628426|81019540111|72800662015|./assets/uploaded/tki|251082393194.jpg|68119264882', NULL, '68119264882', '2021-06-29 12:53:38'),
(527, 18, '26934341721', 'CREATE', '1', '26934341721|81019540111|99082695476|./assets/uploaded/tki|251082393195.jpg|68119264882', NULL, '68119264882', '2021-06-29 12:53:38'),
(528, 18, '00795143918', 'CREATE', '1', '00795143918|81019540111|83457374256|./assets/uploaded/tki|251082393196.jpg|68119264882', NULL, '68119264882', '2021-06-29 12:53:38'),
(529, 18, '67359253480', 'CREATE', '1', '67359253480|81019540111|50132812553|./assets/uploaded/tki|251082393197.jpg|68119264882', NULL, '68119264882', '2021-06-29 12:53:38'),
(530, 24, '55348260233', 'UPDATE', '1', '1|12205428825|2021-06-29 20:53:45|/VI/2021', '1', '12205428825', '2021-06-29 12:53:45'),
(531, 1, NULL, NULL, NULL, 'SUKSES', NULL, '63935625183', '2021-06-29 12:58:48'),
(532, 20, '81019540111', 'UPDATE', '1', '1|63935625183|2021-06-29 20:59:03', '1', '63935625183', '2021-06-29 12:59:03'),
(533, 1, NULL, NULL, NULL, 'SUKSES', NULL, '70702061090', '2021-06-29 13:12:37'),
(534, 25, '56081223876', 'CREATE', '1', '56081223876|70702061090', '', '70702061090', '2021-06-29 13:22:21'),
(535, 26, '26121408718', 'UPDATE', '1', '', '', '70702061090', '2021-06-29 13:22:21'),
(536, 33, '56081223876', 'UPDATE', '1', '86779238522|2|TAHUN|2021-12-09|2023-12-09|29|12|82037052359|29|4000000|150000|350000|200000|2000000|2|12|10|2021-12-09|PT R A SEJAHTERA|DEVI|70702061090', '', '70702061090', '2021-06-29 13:26:20'),
(537, 27, '56081223876', 'UPDATE', '1', '86779238522|2|TAHUN|2021-12-09|2023-12-09|29|12|82037052359|29|4000000|150000|350000|200000|2000000|2|12|10|2021-12-09|PT R A SEJAHTERA|DEVI|70702061090', '', '70702061090', '2021-06-29 13:26:20'),
(538, 1, NULL, NULL, NULL, 'SUKSES', NULL, '12205428825', '2021-06-29 13:33:06'),
(539, 28, '56081223876', 'UPDATE', '1', '1|12205428825|2021-06-29 21:46:38|/VI/2021', '1', '12205428825', '2021-06-29 13:46:38'),
(540, 1, NULL, NULL, NULL, 'SUKSES', NULL, '63935625183', '2021-06-29 14:49:09'),
(541, 29, '63168956640', 'CREATE', '1', '63168956640|ZAHRA|32783792837923|283928389|JL. BUNTU|BEKASI|1999-02-19|4|63935625183', '', '63935625183', '2021-06-29 16:22:41'),
(542, 1, NULL, NULL, NULL, 'SUKSES', NULL, '70702061090', '2021-06-29 16:23:00'),
(543, 1, NULL, NULL, NULL, 'SUKSES', NULL, '12205428825', '2021-06-29 17:12:51'),
(544, 1, NULL, NULL, NULL, 'SUKSES', NULL, '63935625183', '2021-06-30 01:25:13'),
(545, 1, NULL, NULL, NULL, 'SUKSES', NULL, '12205428825', '2021-06-30 03:13:11'),
(546, 1, NULL, NULL, NULL, 'SUKSES', NULL, '70702061090', '2021-07-01 07:17:54'),
(547, 1, NULL, NULL, NULL, 'SUKSES', NULL, '70702061090', '2021-07-01 14:16:27'),
(548, 1, NULL, NULL, NULL, 'SUKSES', NULL, '63935625183', '2021-07-03 13:49:43'),
(549, 1, NULL, NULL, NULL, 'SUKSES', NULL, '63935625183', '2021-07-04 05:22:52'),
(550, 1, NULL, NULL, NULL, 'SUKSES', NULL, '63935625183', '2021-07-04 13:41:42'),
(551, 1, NULL, NULL, NULL, 'SUKSES', NULL, '70702061090', '2021-07-04 13:42:09'),
(552, 1, NULL, NULL, NULL, 'SUKSES', NULL, '70702061090', '2021-07-05 14:41:13'),
(553, 1, NULL, NULL, NULL, 'SUKSES', NULL, '86629414379', '2021-07-05 14:44:38'),
(554, 1, NULL, NULL, NULL, 'SUKSES', NULL, '63935625183', '2021-07-05 14:47:48'),
(555, 20, '91364055944', 'UPDATE', '1', '1|63935625183|2021-07-05 22:48:35', '1', '63935625183', '2021-07-05 14:48:35'),
(556, 1, NULL, NULL, NULL, 'SUKSES', NULL, '86629414379', '2021-07-05 14:50:01'),
(557, 17, '43797239640', 'CREATE', '1', '43797239640|91364055944|82037052359|MERAWAT BINATANG PELIHARAAN|86629414379', '', '86629414379', '2021-07-05 14:54:47'),
(558, 1, NULL, NULL, NULL, 'SUKSES', NULL, '70702061090', '2021-07-05 14:57:11'),
(559, 40, '43797239640', 'UPDATE', '1', '', '', '70702061090', '2021-07-05 15:21:56'),
(560, 1, NULL, NULL, NULL, 'SUKSES', NULL, '86629414379', '2021-07-05 15:59:27'),
(561, 1, NULL, NULL, NULL, 'SUKSES', NULL, '63935625183', '2021-07-05 16:00:42'),
(562, 21, '92180030129', 'CREATE', '1', '92180030129|91364055944|63935625183', '', '63935625183', '2021-07-05 16:02:24'),
(563, 22, '92180030129', 'UPDATE', '1', '92180030129|91364055944|63935625183', '', '63935625183', '2021-07-05 16:02:24'),
(564, 34, NULL, 'UPDATE', '1', 'RESTI|3249582|PENYALUR|TAMAN RAHAYU|20|2021-12-11|INDONESIA|JL ILYUSIN RT. 010 RW. 009 KEL. GUNUNG KEC. HANG JEBAT JAKARTA SELATAN 14304 DKI JAKARTA GUNUNG|2021-12-11|63935625183', '', '63935625183', '2021-07-05 16:03:40'),
(565, 23, '92180030129', 'UPDATE', '1', 'RESTI|3249582|PENYALUR|TAMAN RAHAYU|20|2021-12-11|INDONESIA|JL ILYUSIN RT. 010 RW. 009 KEL. GUNUNG KEC. HANG JEBAT JAKARTA SELATAN 14304 DKI JAKARTA GUNUNG|2021-12-11|63935625183', '', '63935625183', '2021-07-05 16:03:40'),
(566, 1, NULL, NULL, NULL, 'SUKSES', NULL, '86629414379', '2021-07-05 16:05:11'),
(567, 1, NULL, NULL, NULL, 'SUKSES', NULL, '70702061090', '2021-07-07 02:35:37'),
(568, 1, NULL, NULL, NULL, 'SUKSES', NULL, '63935625183', '2021-07-07 05:05:56'),
(569, 1, NULL, NULL, NULL, 'SUKSES', NULL, '70702061090', '2021-07-07 07:16:16'),
(570, 1, NULL, NULL, NULL, 'SUKSES', NULL, '63935625183', '2021-07-07 07:27:34'),
(571, 1, NULL, NULL, NULL, 'SUKSES', NULL, '86629414379', '2021-07-07 07:28:57'),
(572, 24, '92180030129', 'UPDATE', '1', '1|86629414379|2021-07-07 15:29:11|/VII/2021', '1', '86629414379', '2021-07-07 07:29:11'),
(573, 1, NULL, NULL, NULL, 'SUKSES', NULL, '70702061090', '2021-07-07 08:25:49'),
(574, 1, NULL, NULL, NULL, 'SUKSES', NULL, '70702061090', '2021-07-08 00:56:42'),
(575, 1, NULL, NULL, NULL, 'SUKSES', NULL, '86629414379', '2021-07-08 01:01:31'),
(576, 1, NULL, NULL, NULL, 'SUKSES', NULL, '63935625183', '2021-07-08 01:25:15'),
(577, 20, '44707003914', 'UPDATE', '1', '1|63935625183|2021-07-08 09:25:30', '1', '63935625183', '2021-07-08 01:25:30'),
(578, 1, NULL, NULL, NULL, 'SUKSES', NULL, '70702061090', '2021-07-08 01:26:25'),
(579, 1, NULL, NULL, NULL, 'SUKSES', NULL, '55650904902', '2021-07-08 01:40:23'),
(580, 17, '70369010691', 'CREATE', '1', '70369010691|44707003914|82037052359|MENGURUS RUMAH|55650904902', '', '55650904902', '2021-07-08 01:47:35'),
(581, 1, NULL, NULL, NULL, 'SUKSES', NULL, '70702061090', '2021-07-08 02:56:27'),
(582, 1, NULL, NULL, NULL, 'SUKSES', NULL, '55650904902', '2021-07-08 04:40:17'),
(583, 14, '72950688146', 'CREATE', '1', NULL, NULL, '55650904902', '2021-07-08 07:08:34'),
(584, 16, '93161573058', 'CREATE', '1', NULL, NULL, '55650904902', '2021-07-08 07:08:34'),
(585, 15, '67573529266', 'CREATE', '1', '83246487024|72950688146|67573529266|N||55650904902', NULL, '55650904902', '2021-07-08 07:08:34'),
(586, 15, '58575113282', 'CREATE', '1', '68798874106|72950688146|58575113282|N||55650904902', NULL, '55650904902', '2021-07-08 07:08:34'),
(587, 18, '99474551975', 'CREATE', '0', '', NULL, '55650904902', '2021-07-08 07:08:34'),
(588, 18, '49876713012', 'CREATE', '0', '', NULL, '55650904902', '2021-07-08 07:08:34'),
(589, 18, '27670415099', 'CREATE', '0', '', NULL, '55650904902', '2021-07-08 07:08:34'),
(590, 18, '37694899061', 'CREATE', '0', '', NULL, '55650904902', '2021-07-08 07:08:34'),
(591, 18, '08873985146', 'CREATE', '0', '', NULL, '55650904902', '2021-07-08 07:08:34'),
(592, 18, '38921537025', 'CREATE', '0', '', NULL, '55650904902', '2021-07-08 07:08:34'),
(593, 18, '22493524759', 'CREATE', '0', '', NULL, '55650904902', '2021-07-08 07:08:34'),
(594, 18, '07470367546', 'CREATE', '0', '', NULL, '55650904902', '2021-07-08 07:08:34'),
(595, 1, NULL, NULL, NULL, 'SUKSES', NULL, '63935625183', '2021-07-08 07:09:17'),
(596, 20, '72950688146', 'UPDATE', '1', '1|63935625183|2021-07-08 15:11:17', '1', '63935625183', '2021-07-08 07:11:17'),
(597, 1, NULL, NULL, NULL, 'SUKSES', NULL, '55650904902', '2021-07-08 07:11:48'),
(598, 17, '74379130711', 'CREATE', '1', '74379130711|72950688146|82037052359|BABY SITTER|55650904902', '', '55650904902', '2021-07-08 07:12:10'),
(599, 1, NULL, NULL, NULL, 'SUKSES', NULL, '70702061090', '2021-07-08 07:13:01'),
(600, 40, '74379130711', 'UPDATE', '1', '', '', '70702061090', '2021-07-08 07:13:23'),
(601, 1, NULL, NULL, NULL, 'SUKSES', NULL, '63935625183', '2021-07-08 07:15:40'),
(602, 21, '44380153803', 'CREATE', '1', '44380153803|72950688146|63935625183', '', '63935625183', '2021-07-08 07:18:40'),
(603, 22, '44380153803', 'UPDATE', '1', '44380153803|72950688146|63935625183', '', '63935625183', '2021-07-08 07:18:41'),
(604, 1, NULL, NULL, NULL, 'SUKSES', NULL, '55650904902', '2021-07-09 04:29:35'),
(605, 1, NULL, NULL, NULL, 'SUKSES', NULL, '70702061090', '2021-07-09 04:32:23'),
(606, 1, NULL, NULL, NULL, 'SUKSES', NULL, '63935625183', '2021-07-15 03:02:02'),
(607, 38, '08123592237', 'CREATE', '1', '08123592237|PT AKKA AL-MATAR|3287462548592|JL. PROF DR.SOEPOMO NO 18|082374648375|akka12@gmail.com|63935625183', '', '63935625183', '2021-07-15 03:32:27'),
(608, 29, '77103306695', 'CREATE', '1', '77103306695|INDAH|328458356|32485935|CIMANGGIS DEPOK|KULON PROGO|1999-05-03|3|63935625183', '', '63935625183', '2021-07-15 03:35:53'),
(609, 1, NULL, NULL, NULL, 'SUKSES', NULL, '70702061090', '2021-07-15 03:36:35'),
(610, 30, '77103306695', 'CREATE', '1', '', '1', '70702061090', '2021-07-15 03:37:18'),
(611, 1, NULL, NULL, NULL, 'SUKSES', NULL, '49262817821', '2021-07-15 03:39:10'),
(612, 4, NULL, 'UPDATE', NULL, 'SUKSES', NULL, '49262817821', '2021-07-15 03:39:20'),
(613, 1, NULL, NULL, NULL, 'SUKSES', NULL, '70702061090', '2021-07-15 03:39:46'),
(614, 39, '62940692053', 'CREATE', '1', '62940692053|LOWONGAN PRT|82037052359|MENYAPU MENCUCI PIRING|ID|JL.PROF SOEPOMO|N|PANTI JUMPO|jaenab@office.com|32958675474|300000|25000|30000|230000|20000|2|2|TAHUN|30|HARI|12|5|70702061090', '', '70702061090', '2021-07-15 03:50:30'),
(615, 1, NULL, NULL, NULL, 'SUKSES', NULL, '49262817821', '2021-07-15 03:53:39'),
(616, 1, NULL, NULL, NULL, 'SUKSES', NULL, '70702061090', '2021-07-15 03:58:32'),
(617, 1, NULL, NULL, NULL, 'SUKSES', NULL, '49262817821', '2021-07-15 03:59:24'),
(618, 14, '16070526111', 'CREATE', '1', NULL, NULL, '49262817821', '2021-07-15 04:02:11'),
(619, 16, '12498215141', 'CREATE', '1', NULL, NULL, '49262817821', '2021-07-15 04:02:11'),
(620, 15, '67573529266', 'CREATE', '1', '20206578204|16070526111|67573529266|N||49262817821', NULL, '49262817821', '2021-07-15 04:02:11'),
(621, 15, '58575113282', 'CREATE', '1', '73651099504|16070526111|58575113282|N||49262817821', NULL, '49262817821', '2021-07-15 04:02:11'),
(622, 18, '18613041499', 'CREATE', '0', '', NULL, '49262817821', '2021-07-15 04:02:11'),
(623, 18, '39641933350', 'CREATE', '0', '', NULL, '49262817821', '2021-07-15 04:02:11'),
(624, 18, '68382766320', 'CREATE', '0', '', NULL, '49262817821', '2021-07-15 04:02:11'),
(625, 18, '33747902007', 'CREATE', '0', '', NULL, '49262817821', '2021-07-15 04:02:11'),
(626, 18, '46112697502', 'CREATE', '0', '', NULL, '49262817821', '2021-07-15 04:02:11'),
(627, 18, '76405437570', 'CREATE', '0', '', NULL, '49262817821', '2021-07-15 04:02:11'),
(628, 18, '59423332030', 'CREATE', '0', '', NULL, '49262817821', '2021-07-15 04:02:11'),
(629, 18, '08971258243', 'CREATE', '0', '', NULL, '49262817821', '2021-07-15 04:02:11'),
(630, 1, NULL, NULL, NULL, 'SUKSES', NULL, '63935625183', '2021-07-15 04:03:12'),
(631, 20, '16070526111', 'UPDATE', '1', '1|63935625183|2021-07-15 12:03:44', '1', '63935625183', '2021-07-15 04:03:44'),
(632, 1, NULL, NULL, NULL, 'SUKSES', NULL, '70702061090', '2021-07-15 04:04:05'),
(633, 1, NULL, NULL, NULL, 'SUKSES', NULL, '63935625183', '2021-07-15 04:06:09'),
(634, 1, NULL, NULL, NULL, 'SUKSES', NULL, '70702061090', '2021-07-15 04:07:01'),
(635, 40, '70369010691', 'UPDATE', '1', '', '', '70702061090', '2021-07-15 04:08:03'),
(636, 1, NULL, NULL, NULL, 'SUKSES', NULL, '63935625183', '2021-07-15 04:08:33'),
(637, 1, NULL, NULL, NULL, 'SUKSES', NULL, '70702061090', '2021-07-15 04:10:25'),
(638, 27, '97760206879', 'UPDATE', '1', '92718486902|2|TAHUN|2019-06-13|2021-07-06|29|12|82037052359|29|4000000|150000|350000|200000|2000000|2|12|10|2021-06-18|PT. ASSALAM KARYA MANUNGGAL PUTRA|SARIPAH|70702061090', '', '70702061090', '2021-07-15 04:12:49'),
(639, 1, NULL, NULL, NULL, 'SUKSES', NULL, '49262817821', '2021-07-15 04:14:41'),
(640, 17, '61813748717', 'CREATE', '1', '61813748717|16070526111|82037052359|MENCUCI PIRING MENCUCI BAJU|49262817821', '', '49262817821', '2021-07-15 04:16:59'),
(641, 9, '61813748717', 'UPDATE', '0', '', '0', '49262817821', '2021-07-15 04:17:20'),
(642, 9, '61813748717', 'UPDATE', '0', '', '0', '49262817821', '2021-07-15 04:17:32'),
(643, 1, NULL, NULL, NULL, 'SUKSES', NULL, '63935625183', '2021-07-15 04:46:15'),
(644, 1, NULL, NULL, NULL, 'SUKSES', NULL, '63935625183', '2021-07-15 06:54:48'),
(645, 1, NULL, NULL, NULL, 'SUKSES', NULL, '49262817821', '2021-07-15 07:31:34'),
(646, 1, NULL, NULL, NULL, 'SUKSES', NULL, '70702061090', '2021-07-15 07:45:56'),
(647, 42, '08123592237', 'CREATE', '1', '', NULL, '63935625183', '2021-07-15 11:04:17'),
(648, 34, NULL, 'UPDATE', '1', 'RIDWAN|8374829858393848|PENYALUR|JAKARTA|99|2021-07-15|INDONESIA|JL. PONDOK RT. 001 RW. 001 KEL. BOJONG KEC. TIMUR BEKASI 17426 JAWA BARAT BOJONG|2021-07-15|63935625183', '', '63935625183', '2021-07-15 11:25:59'),
(649, 23, '44380153803', 'UPDATE', '1', 'RIDWAN|8374829858393848|PENYALUR|JAKARTA|99|2021-07-15|INDONESIA|JL. PONDOK RT. 001 RW. 001 KEL. BOJONG KEC. TIMUR BEKASI 17426 JAWA BARAT BOJONG|2021-07-15|63935625183', '', '63935625183', '2021-07-15 11:25:59'),
(650, 1, NULL, NULL, NULL, 'SUKSES', NULL, '55650904902', '2021-07-15 11:31:36'),
(651, 24, '44380153803', 'UPDATE', '1', '1|55650904902|2021-07-15 19:31:51|/VII/2021', '1', '55650904902', '2021-07-15 11:31:51'),
(652, 1, NULL, NULL, NULL, 'SUKSES', NULL, '70702061090', '2021-07-15 11:33:07'),
(653, 25, '42132028291', 'CREATE', '1', '42132028291|70702061090', '', '70702061090', '2021-07-15 11:33:38'),
(654, 26, '74379130711', 'UPDATE', '1', '', '', '70702061090', '2021-07-15 11:33:38'),
(655, 33, '42132028291', 'UPDATE', '1', '92718486902|2|TAHUN|2021-07-20|2023-07-20|29|12|82037052359|07|4000000|150000|350000|200000|2000000|2|24|20|2021-07-16|PT. ASSALAM KARYA MANUNGGAL PUTRA|RISKA|70702061090', '', '70702061090', '2021-07-15 11:36:12'),
(656, 27, '42132028291', 'UPDATE', '1', '92718486902|2|TAHUN|2021-07-20|2023-07-20|29|12|82037052359|07|4000000|150000|350000|200000|2000000|2|24|20|2021-07-16|PT. ASSALAM KARYA MANUNGGAL PUTRA|RISKA|70702061090', '', '70702061090', '2021-07-15 11:36:12'),
(657, 1, NULL, NULL, NULL, 'SUKSES', NULL, '55650904902', '2021-07-15 11:36:44'),
(658, 28, '42132028291', 'UPDATE', '1', '1|55650904902|2021-07-15 19:36:59|/VII/2021', '1', '55650904902', '2021-07-15 11:36:59'),
(659, 1, NULL, NULL, NULL, 'SUKSES', NULL, '70702061090', '2021-07-15 11:40:42'),
(660, 1, NULL, NULL, NULL, 'SUKSES', NULL, '70702061090', '2021-07-15 12:48:49'),
(661, 1, NULL, NULL, NULL, 'SUKSES', NULL, '63935625183', '2021-07-16 00:01:59'),
(662, 1, NULL, NULL, NULL, 'SUKSES', NULL, '63935625183', '2021-07-16 04:24:53'),
(663, 1, NULL, NULL, NULL, 'SUKSES', NULL, '63935625183', '2021-07-16 04:32:30'),
(664, 1, NULL, NULL, NULL, 'SUKSES', NULL, '63935625183', '2021-07-16 07:15:32'),
(665, 1, NULL, NULL, NULL, 'SUKSES', NULL, '55650904902', '2021-07-17 07:49:13'),
(666, 1, NULL, NULL, NULL, 'SUKSES', NULL, '63935625183', '2021-07-17 11:24:24'),
(667, 21, '20464527746', 'CREATE', '1', '20464527746|44707003914|63935625183', '', '63935625183', '2021-07-17 11:57:43'),
(668, 22, '20464527746', 'UPDATE', '1', '20464527746|44707003914|63935625183', '', '63935625183', '2021-07-17 11:57:43'),
(669, 1, NULL, NULL, NULL, 'SUKSES', NULL, '55650904902', '2021-07-17 16:05:33'),
(670, 1, NULL, NULL, NULL, 'SUKSES', NULL, '55650904902', '2021-07-18 05:12:43'),
(671, 1, NULL, NULL, NULL, 'SUKSES', NULL, '63935625183', '2021-07-18 05:17:17'),
(672, 34, NULL, 'UPDATE', '1', 'JORDAN|8374829858393848|PENYALUR|BDP|100|2021-07-18|INDONESIA||2021-07-18|63935625183', '', '63935625183', '2021-07-18 05:18:33'),
(673, 23, '20464527746', 'UPDATE', '1', 'JORDAN|8374829858393848|PENYALUR|BDP|100|2021-07-18|INDONESIA||2021-07-18|63935625183', '', '63935625183', '2021-07-18 05:18:33'),
(674, 1, NULL, NULL, NULL, 'SUKSES', NULL, '55650904902', '2021-07-18 05:19:41'),
(675, 1, NULL, NULL, NULL, 'SUKSES', NULL, '63935625183', '2021-07-18 06:52:15'),
(676, 38, '06855116982', 'CREATE', '1', '06855116982|PT SEJAHTERA|21093829014|JL. BUNTU|092109281|asaskdo@gmail.com|63935625183', '', '63935625183', '2021-07-18 06:53:52'),
(677, 1, NULL, NULL, NULL, 'SUKSES', NULL, '70702061090', '2021-07-18 06:56:13'),
(678, 42, '06855116982', 'CREATE', '1', '', NULL, '70702061090', '2021-07-18 06:56:43'),
(679, 1, NULL, NULL, NULL, 'SUKSES', NULL, '63935625183', '2021-07-18 06:57:52'),
(680, 29, '44684600316', 'CREATE', '1', '44684600316|IVON|238401|20138039|JL. SEJAHTERA|BEKASI|1980-02-11|6|63935625183', '', '63935625183', '2021-07-18 07:00:30'),
(681, 1, NULL, NULL, NULL, 'SUKSES', NULL, '70702061090', '2021-07-18 07:00:53'),
(682, 30, '44684600316', 'CREATE', '1', '', '1', '70702061090', '2021-07-18 07:01:12'),
(683, 1, NULL, NULL, NULL, 'SUKSES', NULL, '63935625183', '2021-07-18 07:01:36'),
(684, 1, NULL, NULL, NULL, 'SUKSES', NULL, '71429349783', '2021-07-18 07:02:04'),
(685, 4, NULL, 'UPDATE', NULL, 'SUKSES', NULL, '71429349783', '2021-07-18 07:02:13'),
(686, 1, NULL, NULL, NULL, 'SUKSES', NULL, '63935625183', '2021-07-18 07:10:14'),
(687, 1, NULL, NULL, NULL, 'SUKSES', NULL, '70702061090', '2021-07-18 08:09:36'),
(688, 1, NULL, NULL, NULL, 'SUKSES', NULL, '55650904902', '2021-07-18 08:10:15'),
(689, 24, '20464527746', 'UPDATE', '1', '1|55650904902|2021-07-18 16:10:43|/VII/2021', '1', '55650904902', '2021-07-18 08:10:43'),
(690, 1, NULL, NULL, NULL, 'SUKSES', NULL, '70702061090', '2021-07-18 08:14:51'),
(691, 1, NULL, NULL, NULL, 'SUKSES', NULL, '63935625183', '2021-07-18 08:15:51'),
(692, 1, NULL, NULL, NULL, 'SUKSES', NULL, '70702061090', '2021-07-18 08:17:06'),
(693, 1, NULL, NULL, NULL, 'SUKSES', NULL, '55650904902', '2021-07-18 08:24:28'),
(694, 1, NULL, NULL, NULL, 'SUKSES', NULL, '63935625183', '2021-07-18 08:29:35'),
(695, 1, NULL, NULL, NULL, 'SUKSES', NULL, '63935625183', '2021-07-18 23:02:30'),
(696, 1, NULL, NULL, NULL, 'SUKSES', NULL, '63935625183', '2021-07-19 04:42:34'),
(697, 1, NULL, NULL, NULL, 'SUKSES', NULL, '70702061090', '2021-07-19 06:22:57'),
(698, 1, NULL, NULL, NULL, 'SUKSES', NULL, '55650904902', '2021-07-19 06:36:14'),
(699, 1, NULL, NULL, NULL, 'SUKSES', NULL, '63935625183', '2021-07-19 06:39:55'),
(700, 1, NULL, NULL, NULL, 'SUKSES', NULL, '70702061090', '2021-07-19 07:49:03'),
(701, 1, NULL, NULL, NULL, 'SUKSES', NULL, '63935625183', '2021-07-19 07:52:22'),
(702, 1, NULL, NULL, NULL, 'SUKSES', NULL, '63935625183', '2021-07-19 07:52:29'),
(703, 1, NULL, NULL, NULL, 'SUKSES', NULL, '63935625183', '2021-07-19 12:27:32'),
(704, 1, NULL, NULL, NULL, 'SUKSES', NULL, '55650904902', '2021-07-19 13:39:12'),
(705, 1, NULL, NULL, NULL, 'SUKSES', NULL, '70702061090', '2021-07-19 13:46:19'),
(706, 1, NULL, NULL, NULL, 'SUKSES', NULL, '63935625183', '2021-07-19 14:29:13'),
(707, 1, NULL, NULL, NULL, 'SUKSES', NULL, '70702061090', '2021-07-19 15:17:36'),
(708, 1, NULL, NULL, NULL, 'SUKSES', NULL, '63935625183', '2021-07-20 09:08:32'),
(709, 1, NULL, NULL, NULL, 'SUKSES', NULL, '55650904902', '2021-07-20 13:14:06'),
(710, 1, NULL, NULL, NULL, 'SUKSES', NULL, '63935625183', '2021-07-20 13:21:54'),
(711, 1, NULL, NULL, NULL, 'SUKSES', NULL, '70702061090', '2021-07-20 13:22:21'),
(712, 1, NULL, NULL, NULL, 'SUKSES', NULL, '55650904902', '2021-07-20 13:35:03'),
(713, 1, NULL, NULL, NULL, 'SUKSES', NULL, '63935625183', '2021-07-20 13:53:34'),
(714, 7, '49258998609', 'CREATE', '1', '49258998609|SURAT IZIN SUAMI|SIS||63935625183', '', '63935625183', '2021-07-20 14:12:16'),
(715, 38, '91892931365', 'CREATE', '1', '91892931365|PT RA JAYA|9999988389822|JL. CLUSTER ASIA AFRIKA|0212143812|rajaya@office.com|63935625183', '', '63935625183', '2021-07-20 16:08:19'),
(716, 3, '71429349783', 'UPDATE', '1', '', '0', '63935625183', '2021-07-20 16:19:05'),
(717, 3, '46204811185', 'UPDATE', '1', '', '0', '63935625183', '2021-07-20 16:19:14'),
(718, 1, NULL, NULL, NULL, 'SUKSES', NULL, '63935625183', '2021-07-20 16:20:29'),
(719, 2, '33306058033', 'CREATE', '1', '33306058033|asyifa|ASYIFA HERSUMULYOASTUTI|2|-|63935625183', '', '63935625183', '2021-07-20 16:33:02'),
(720, 39, '96459870264', 'CREATE', '1', '96459870264|BABY SITTER|82037052359|BABY SITTER|AU|SEDNEY STREET|N|BABY SITTER|cippaa19@gmail.com|39284923742|6000000|1000000|500000|200000|650000|12|2|TAHUN|6|HARI|12|10|63935625183', '', '63935625183', '2021-07-20 16:51:23'),
(721, 29, '51768028119', 'CREATE', '1', '51768028119|RIZAL|201209310291|29013821301|JL. SETIA ABADI|JAKARTA PUSAT|1990-12-12|4|63935625183', '', '63935625183', '2021-07-20 17:20:53'),
(722, 1, NULL, NULL, NULL, 'SUKSES', NULL, '70702061090', '2021-07-20 18:06:29'),
(723, 30, '51768028119', 'CREATE', '1', '', '1', '70702061090', '2021-07-20 18:17:12'),
(724, 1, NULL, NULL, NULL, 'SUKSES', NULL, '63935625183', '2021-07-20 19:08:01'),
(725, 1, NULL, NULL, NULL, 'SUKSES', NULL, '55650904902', '2021-07-20 19:39:54'),
(726, 14, '34701974666', 'CREATE', '1', NULL, NULL, '55650904902', '2021-07-20 19:54:45'),
(727, 16, '77354660722', 'CREATE', '1', NULL, NULL, '55650904902', '2021-07-20 19:54:45'),
(728, 15, '67573529266', 'CREATE', '1', '55425275057|34701974666|67573529266|N||55650904902', NULL, '55650904902', '2021-07-20 19:54:45'),
(729, 15, '58575113282', 'CREATE', '1', '73815698999|34701974666|58575113282|N||55650904902', NULL, '55650904902', '2021-07-20 19:54:45'),
(730, 18, '89478720387', 'CREATE', '1', '89478720387|34701974666|53890630510|./assets/uploaded/tki|89478720387.jpg|55650904902', NULL, '55650904902', '2021-07-20 19:54:45'),
(731, 18, '86663134682', 'CREATE', '1', '86663134682|34701974666|79014042052|./assets/uploaded/tki|894787203871.jpg|55650904902', NULL, '55650904902', '2021-07-20 19:54:45'),
(732, 18, '12695183443', 'CREATE', '1', '12695183443|34701974666|29836358418|./assets/uploaded/tki|894787203872.jpg|55650904902', NULL, '55650904902', '2021-07-20 19:54:45'),
(733, 18, '75691645374', 'CREATE', '1', '75691645374|34701974666|95932287375|./assets/uploaded/tki|894787203873.jpg|55650904902', NULL, '55650904902', '2021-07-20 19:54:45'),
(734, 18, '18548360502', 'CREATE', '1', '18548360502|34701974666|72800662015|./assets/uploaded/tki|894787203874.jpg|55650904902', NULL, '55650904902', '2021-07-20 19:54:45'),
(735, 18, '75798682404', 'CREATE', '1', '75798682404|34701974666|99082695476|./assets/uploaded/tki|894787203875.jpg|55650904902', NULL, '55650904902', '2021-07-20 19:54:45'),
(736, 18, '09812294165', 'CREATE', '1', '09812294165|34701974666|83457374256|./assets/uploaded/tki|894787203876.jpg|55650904902', NULL, '55650904902', '2021-07-20 19:54:45'),
(737, 18, '92999321546', 'CREATE', '1', '92999321546|34701974666|50132812553|./assets/uploaded/tki|894787203877.jpg|55650904902', NULL, '55650904902', '2021-07-20 19:54:45'),
(738, 1, NULL, NULL, NULL, 'SUKSES', NULL, '55650904902', '2021-07-21 12:59:10'),
(739, 1, NULL, NULL, NULL, 'SUKSES', NULL, '63935625183', '2021-07-21 13:22:14'),
(740, 1, NULL, NULL, NULL, 'SUKSES', NULL, '63935625183', '2021-07-21 21:46:43'),
(741, 42, '91892931365', 'CREATE', '1', '', NULL, '63935625183', '2021-07-22 00:13:04'),
(742, 1, NULL, NULL, NULL, 'SUKSES', NULL, '55650904902', '2021-07-22 01:51:34'),
(743, 1, NULL, NULL, NULL, 'SUKSES', NULL, '63935625183', '2021-07-22 01:56:15'),
(744, 20, '34701974666', 'UPDATE', '1', '1|63935625183|2021-07-22 10:09:24', '1', '63935625183', '2021-07-22 02:09:24'),
(745, 1, NULL, NULL, NULL, 'SUKSES', NULL, '55650904902', '2021-07-22 02:10:55'),
(746, 17, '02317811886', 'CREATE', '1', '02317811886|34701974666|82037052359|TAKE CARE BABY|55650904902', '', '55650904902', '2021-07-22 02:22:39'),
(747, 1, NULL, NULL, NULL, 'SUKSES', NULL, '70702061090', '2021-07-22 02:38:31'),
(748, 1, NULL, NULL, NULL, 'SUKSES', NULL, '63935625183', '2021-07-22 02:41:51'),
(749, 1, NULL, NULL, NULL, 'SUKSES', NULL, '70702061090', '2021-07-22 02:42:33'),
(750, 1, NULL, NULL, NULL, 'SUKSES', NULL, '70702061090', '2021-07-22 02:46:47'),
(751, 39, '38083034355', 'CREATE', '1', '38083034355|BABY SITTER|82037052359|TAKE CARE BABY||SEDNEY STREETS|N|AGNES|cippaa19@gmail.com|232342423|6000000|1000000|500000|200000|650000|12|2|TAHUN|6|HARI|12|10|70702061090', '', '70702061090', '2021-07-22 02:49:10'),
(752, 1, NULL, NULL, NULL, 'SUKSES', NULL, '55650904902', '2021-07-22 02:50:12'),
(753, 14, '58787295482', 'CREATE', '1', NULL, NULL, '55650904902', '2021-07-22 02:56:16'),
(754, 16, '59779438575', 'CREATE', '1', NULL, NULL, '55650904902', '2021-07-22 02:56:16'),
(755, 15, '67573529266', 'CREATE', '1', '79230272983|58787295482|67573529266|Y|BERSEDIA|55650904902', NULL, '55650904902', '2021-07-22 02:56:16'),
(756, 15, '58575113282', 'CREATE', '1', '62043474298|58787295482|58575113282|Y|TIDAK MEMILIKI PENYAKIT BAWAAN|55650904902', NULL, '55650904902', '2021-07-22 02:56:16'),
(757, 18, '95034081039', 'CREATE', '1', '95034081039|58787295482|53890630510|./assets/uploaded/tki|95034081039.png|55650904902', NULL, '55650904902', '2021-07-22 02:56:16'),
(758, 18, '50083949310', 'CREATE', '1', '50083949310|58787295482|79014042052|./assets/uploaded/tki|950340810391.png|55650904902', NULL, '55650904902', '2021-07-22 02:56:16'),
(759, 18, '60113796328', 'CREATE', '1', '60113796328|58787295482|29836358418|./assets/uploaded/tki|950340810392.png|55650904902', NULL, '55650904902', '2021-07-22 02:56:16'),
(760, 18, '28280653796', 'CREATE', '1', '28280653796|58787295482|95932287375|./assets/uploaded/tki|950340810393.png|55650904902', NULL, '55650904902', '2021-07-22 02:56:16'),
(761, 18, '12862002074', 'CREATE', '1', '12862002074|58787295482|72800662015|./assets/uploaded/tki|950340810394.png|55650904902', NULL, '55650904902', '2021-07-22 02:56:16'),
(762, 18, '50072120689', 'CREATE', '1', '50072120689|58787295482|99082695476|./assets/uploaded/tki|950340810395.png|55650904902', NULL, '55650904902', '2021-07-22 02:56:16'),
(763, 18, '29874808219', 'CREATE', '1', '29874808219|58787295482|83457374256|./assets/uploaded/tki|950340810396.png|55650904902', NULL, '55650904902', '2021-07-22 02:56:16'),
(764, 18, '02067611052', 'CREATE', '1', '02067611052|58787295482|50132812553|./assets/uploaded/tki|950340810397.png|55650904902', NULL, '55650904902', '2021-07-22 02:56:16'),
(765, 1, NULL, NULL, NULL, 'SUKSES', NULL, '63935625183', '2021-07-22 02:56:49'),
(766, 20, '58787295482', 'UPDATE', '1', '1|63935625183|2021-07-22 10:57:15', '1', '63935625183', '2021-07-22 02:57:15'),
(767, 1, NULL, NULL, NULL, 'SUKSES', NULL, '55650904902', '2021-07-22 02:58:02'),
(768, 1, NULL, NULL, NULL, 'SUKSES', NULL, '63935625183', '2021-07-22 02:58:55'),
(769, 1, NULL, NULL, NULL, 'SUKSES', NULL, '70702061090', '2021-07-22 02:59:40'),
(770, 1, NULL, NULL, NULL, 'SUKSES', NULL, '55650904902', '2021-07-22 03:00:28'),
(771, 17, '52537280394', 'CREATE', '1', '52537280394|58787295482|82037052359|TAKE CARE BABY |55650904902', '', '55650904902', '2021-07-22 03:01:26'),
(772, 1, NULL, NULL, NULL, 'SUKSES', NULL, '70702061090', '2021-07-22 03:02:20'),
(773, 39, '71551886966', 'CREATE', '1', '71551886966|BABY SITTER|82037052359|TAKE CARE BABY||JL. ASIA AFRIKA|N|AGNES |angeloasyifa21@gmail.com|2913023822921|6000000|1000000|500000|200000|500000|12|2|TAHUN|6|HARI|12|6|70702061090', '', '70702061090', '2021-07-22 03:05:03'),
(774, 1, NULL, NULL, NULL, 'SUKSES', NULL, '63935625183', '2021-07-22 03:06:46'),
(775, 39, '92137633702', 'CREATE', '1', '92137633702|BABY SITTER|82037052359|TAKE CARE BABY||JL TOA PA YO|N|AGNES |angeloasyifa21@gmail.com|2913023822921|6000000|1000000|500000|200000|650000|12|2|TAHUN|6|HARI|12|6|63935625183', '', '63935625183', '2021-07-22 03:07:45'),
(776, 1, NULL, NULL, NULL, 'SUKSES', NULL, '70702061090', '2021-07-22 03:25:18'),
(777, 1, NULL, NULL, NULL, 'SUKSES', NULL, '63935625183', '2021-07-22 03:34:06'),
(778, 1, NULL, NULL, NULL, 'SUKSES', NULL, '70702061090', '2021-07-22 04:10:08'),
(779, 1, NULL, NULL, NULL, 'SUKSES', NULL, '55650904902', '2021-07-22 04:57:13'),
(780, 1, NULL, NULL, NULL, 'SUKSES', NULL, '63935625183', '2021-07-22 05:09:43'),
(781, 1, NULL, NULL, NULL, 'SUKSES', NULL, '55650904902', '2021-07-22 05:28:08'),
(782, 1, NULL, NULL, NULL, 'SUKSES', NULL, '70702061090', '2021-07-22 05:30:38'),
(783, 1, NULL, NULL, NULL, 'SUKSES', NULL, '55650904902', '2021-07-22 06:04:33'),
(784, 1, NULL, NULL, NULL, 'SUKSES', NULL, '70702061090', '2021-07-22 06:05:01'),
(785, 1, NULL, NULL, NULL, 'SUKSES', NULL, '63935625183', '2021-07-22 06:05:34'),
(786, 1, NULL, NULL, NULL, 'SUKSES', NULL, '55650904902', '2021-07-22 06:16:56'),
(787, 1, NULL, NULL, NULL, 'SUKSES', NULL, '70702061090', '2021-07-22 06:25:14'),
(788, 1, NULL, NULL, NULL, 'SUKSES', NULL, '63935625183', '2021-07-22 06:45:31'),
(789, 7, '24870848937', 'CREATE', '1', '24870848937|SURAT WASIAT|SW||63935625183', '', '63935625183', '2021-07-22 06:55:53'),
(790, 1, NULL, NULL, NULL, 'SUKSES', NULL, '43632169105', '2021-07-23 14:23:59'),
(791, 1, NULL, NULL, NULL, 'SUKSES', NULL, '63935625183', '2021-07-23 14:36:58'),
(792, 1, NULL, NULL, NULL, 'SUKSES', NULL, '55650904902', '2021-07-23 14:40:53');

-- --------------------------------------------------------

--
-- Table structure for table `LOG_EVENT`
--

CREATE TABLE `LOG_EVENT` (
  `ID` int NOT NULL,
  `INSERT_DATE` timestamp NOT NULL DEFAULT CURRENT_TIMESTAMP,
  `EVENTTYPE` varchar(100) NOT NULL,
  `MESSAGE` varchar(400) NOT NULL,
  `REF1` varchar(11) DEFAULT NULL,
  `REF2` varchar(11) DEFAULT NULL,
  `REF3` varchar(11) DEFAULT NULL,
  `USER` varchar(200) DEFAULT NULL,
  `REMARK` text
) ENGINE=InnoDB DEFAULT CHARSET=latin1;

--
-- Dumping data for table `LOG_EVENT`
--

INSERT INTO `LOG_EVENT` (`ID`, `INSERT_DATE`, `EVENTTYPE`, `MESSAGE`, `REF1`, `REF2`, `REF3`, `USER`, `REMARK`) VALUES
(1, '2021-05-28 12:26:14', 'TKI.CREATED', 'TKI DIAJUKAN', '43515268261', '', '', 'ATIKA', ''),
(2, '2021-05-30 04:15:40', 'TKI.CREATED', 'TKI DIAJUKAN', '91364055944', '', '', 'ATIKA', ''),
(3, '2021-05-30 18:11:52', 'ADMIN.APPROVETKI', 'ADMIN MENYETUJUI TKI', '43515268261', '', '', 'TESTING ADMIN 1', ''),
(4, '2021-05-30 18:11:52', 'TKI.APPROVED', 'TKI DISETUJUI', '43515268261', '', '', 'TESTING ADMIN 1', ''),
(5, '2021-06-01 07:55:21', 'ADMIN.APPROVETKI', 'ADMIN MENYETUJUI TKI', '43515268261', '', '', 'TESTING ADMIN 1', ''),
(6, '2021-06-01 07:55:21', 'TKI.APPROVED', 'TKI DISETUJUI', '43515268261', '', '', 'TESTING ADMIN 1', ''),
(7, '2021-06-10 23:26:11', 'TKI.CREATED', 'TKI DIAJUKAN', '44707003914', '', '', 'TESTING PENYALUR', ''),
(8, '2021-06-15 06:30:37', 'ADMIN.APPROVETKI', 'ADMIN MENYETUJUI TKI', '91364055944', '', '', 'TESTING ADMIN 1', ''),
(9, '2021-06-15 06:30:37', 'TKI.APPROVED', 'TKI DISETUJUI', '91364055944', '', '', 'TESTING ADMIN 1', ''),
(10, '2021-06-26 09:55:06', 'TKI.CREATED', 'TKI DIAJUKAN', '98157795032', '', '', 'RESTI', ''),
(11, '2021-06-26 09:56:42', 'ADMIN.APPROVETKI', 'ADMIN MENYETUJUI TKI', '98157795032', '', '', 'TESTING ADMIN 1', ''),
(12, '2021-06-26 09:56:42', 'TKI.APPROVED', 'TKI DISETUJUI', '98157795032', '', '', 'TESTING ADMIN 1', ''),
(13, '2021-06-26 10:01:54', 'PENYALUR.APPLYJOB', 'PENYALUR MENGAJUKAN PEKERJAAN TKI', '98157795032', '99847542180', '', 'RESTI', ''),
(14, '2021-06-26 10:11:46', 'MANAGER.ASSIGNJOB', 'MANAGER MENUGASKAN PEKERJAAN', '', '99847542180', '74835702502', 'TESTING MANAGER 1', ''),
(15, '2021-06-26 10:17:58', 'ADMIN.CREATESURATPERJANJIAN', 'ADMIN MEMBUAT SURAT PERJANJIAN', '', '99847542180', '36474856255', 'TESTING ADMIN 1', ''),
(16, '2021-06-26 10:20:40', 'PENYALUR.CANCELJOB', 'PENYALUR MEMBATALKAN PEKERJAAN', '', '99847542180', '', 'RESTI', ''),
(17, '2021-06-26 10:24:06', 'PENYALUR.APPROVESURATPERJANJIAN', 'PENYALUR MENYETUJUI SURAT PERJANJIAN', '', '99847542180', '36474856255', 'RESTI', ''),
(18, '2021-06-26 10:39:14', 'MANAGER.CREATEKONTRAK', 'MANAGER MEMBUAT KONTRAK KERJA', '', '99847542180', '36830561761', 'TESTING MANAGER 1', ''),
(19, '2021-06-26 10:41:21', 'PENYALUR.APPROVEKONTRAKKERJA', 'PENYALUR MENYETUJUI KONTRAK KERJA', '', '99847542180', '36830561761', 'RESTI', ''),
(20, '2021-06-26 10:41:36', 'PENYALUR.COMPLETEJOB', 'PENYALUR MENYELESAIKAN PEKERJAAN', '', '99847542180', '', 'RESTI', ''),
(21, '2021-06-26 11:01:18', 'TKI.CREATED', 'TKI DIAJUKAN', '57138937481', '', '', 'IMAM', ''),
(22, '2021-06-26 11:03:18', 'ADMIN.APPROVETKI', 'ADMIN MENYETUJUI TKI', '57138937481', '', '', 'TESTING ADMIN 1', ''),
(23, '2021-06-26 11:03:18', 'TKI.APPROVED', 'TKI DISETUJUI', '57138937481', '', '', 'TESTING ADMIN 1', ''),
(24, '2021-06-26 11:08:30', 'PENYALUR.APPLYJOB', 'PENYALUR MENGAJUKAN PEKERJAAN TKI', '57138937481', '20335415804', '', 'IMAM', ''),
(25, '2021-06-26 11:10:07', 'MANAGER.ASSIGNJOB', 'MANAGER MENUGASKAN PEKERJAAN', '', '20335415804', '74835702502', 'TESTING MANAGER 1', ''),
(26, '2021-06-26 11:12:15', 'ADMIN.CREATESURATPERJANJIAN', 'ADMIN MEMBUAT SURAT PERJANJIAN', '', '20335415804', '66181635938', 'TESTING ADMIN 1', ''),
(27, '2021-06-26 11:14:09', 'PENYALUR.APPROVESURATPERJANJIAN', 'PENYALUR MENYETUJUI SURAT PERJANJIAN', '', '20335415804', '66181635938', 'IMAM', ''),
(28, '2021-06-26 11:37:17', 'MANAGER.CREATEKONTRAK', 'MANAGER MEMBUAT KONTRAK KERJA', '', '20335415804', '23561014244', 'TESTING MANAGER 1', ''),
(29, '2021-06-26 11:40:21', 'PENYALUR.APPROVEKONTRAKKERJA', 'PENYALUR MENYETUJUI KONTRAK KERJA', '', '20335415804', '23561014244', 'IMAM', ''),
(30, '2021-06-26 11:40:55', 'PENYALUR.COMPLETEJOB', 'PENYALUR MENYELESAIKAN PEKERJAAN', '', '20335415804', '', 'IMAM', ''),
(31, '2021-06-26 12:30:29', 'PENYALUR.APPLYJOB', 'PENYALUR MENGAJUKAN PEKERJAAN TKI', '43515268261', '41133164823', '', 'TESTING PENYALUR', ''),
(32, '2021-06-26 12:33:30', 'MANAGER.ASSIGNJOB', 'MANAGER MENUGASKAN PEKERJAAN', '', '41133164823', '74835702502', 'TESTING MANAGER', ''),
(33, '2021-06-26 13:01:37', 'ADMIN.CREATESURATPERJANJIAN', 'ADMIN MEMBUAT SURAT PERJANJIAN', '', '41133164823', '55130353872', 'TESTING ADMIN 1', ''),
(34, '2021-06-26 13:02:20', 'PENYALUR.APPROVESURATPERJANJIAN', 'PENYALUR MENYETUJUI SURAT PERJANJIAN', '', '41133164823', '55130353872', 'TESTING PENYALUR', ''),
(35, '2021-06-27 11:40:18', 'TKI.CREATED', 'TKI DIAJUKAN', '15648987259', '', '', 'UDIN', ''),
(36, '2021-06-27 11:41:51', 'ADMIN.APPROVETKI', 'ADMIN MENYETUJUI TKI', '15648987259', '', '', 'TESTING ADMIN 1', ''),
(37, '2021-06-27 11:41:51', 'TKI.APPROVED', 'TKI DISETUJUI', '15648987259', '', '', 'TESTING ADMIN 1', ''),
(38, '2021-06-27 11:42:33', 'PENYALUR.APPLYJOB', 'PENYALUR MENGAJUKAN PEKERJAAN TKI', '15648987259', '51569396812', '', 'UDIN', ''),
(39, '2021-06-27 11:43:12', 'MANAGER.ASSIGNJOB', 'MANAGER MENUGASKAN PEKERJAAN', '', '51569396812', '74835702502', 'TESTING MANAGER 1', ''),
(40, '2021-06-27 11:44:35', 'ADMIN.CREATESURATPERJANJIAN', 'ADMIN MEMBUAT SURAT PERJANJIAN', '', '51569396812', '09534739944', 'TESTING ADMIN 1', ''),
(41, '2021-06-27 11:45:25', 'PENYALUR.APPROVESURATPERJANJIAN', 'PENYALUR MENYETUJUI SURAT PERJANJIAN', '', '51569396812', '09534739944', 'UDIN', ''),
(42, '2021-06-27 11:47:38', 'MANAGER.CREATEKONTRAK', 'MANAGER MEMBUAT KONTRAK KERJA', '', '51569396812', '67514277527', 'TESTING MANAGER 1', ''),
(43, '2021-06-27 11:49:26', 'PENYALUR.APPROVEKONTRAKKERJA', 'PENYALUR MENYETUJUI KONTRAK KERJA', '', '51569396812', '67514277527', 'UDIN', ''),
(44, '2021-06-28 05:51:35', 'TKI.CREATED', 'TKI DIAJUKAN', '93834114568', '', '', 'AMEL', ''),
(45, '2021-06-28 05:52:21', 'ADMIN.APPROVETKI', 'ADMIN MENYETUJUI TKI', '93834114568', '', '', 'TESTING ADMIN 1', ''),
(46, '2021-06-28 05:52:21', 'TKI.APPROVED', 'TKI DISETUJUI', '93834114568', '', '', 'TESTING ADMIN 1', ''),
(47, '2021-06-28 08:04:31', 'TKI.CREATED', 'TKI DIAJUKAN', '69780407925', '', '', 'AMEL', ''),
(48, '2021-06-28 08:06:25', 'ADMIN.APPROVETKI', 'ADMIN MENYETUJUI TKI', '69780407925', '', '', 'TESTING ADMIN 1', ''),
(49, '2021-06-28 08:06:25', 'TKI.APPROVED', 'TKI DISETUJUI', '69780407925', '', '', 'TESTING ADMIN 1', ''),
(50, '2021-06-28 08:08:18', 'PENYALUR.APPLYJOB', 'PENYALUR MENGAJUKAN PEKERJAAN TKI', '69780407925', '89907203728', '', 'AMEL', ''),
(51, '2021-06-28 08:17:07', 'MANAGER.ASSIGNJOB', 'MANAGER MENUGASKAN PEKERJAAN', '', '89907203728', '74835702502', 'TESTING MANAGER 1', ''),
(52, '2021-06-28 08:20:32', 'ADMIN.CREATESURATPERJANJIAN', 'ADMIN MEMBUAT SURAT PERJANJIAN', '', '89907203728', '67481019884', 'TESTING ADMIN 1', ''),
(53, '2021-06-28 08:27:30', 'PENYALUR.CANCELJOB', 'PENYALUR MEMBATALKAN PEKERJAAN', '', '89907203728', '', 'AMEL', ''),
(54, '2021-06-28 08:29:08', 'PENYALUR.APPROVESURATPERJANJIAN', 'PENYALUR MENYETUJUI SURAT PERJANJIAN', '', '89907203728', '67481019884', 'AMEL', ''),
(55, '2021-06-28 08:38:46', 'MANAGER.CREATEKONTRAK', 'MANAGER MEMBUAT KONTRAK KERJA', '', '89907203728', '76863707574', 'TESTING MANAGER 1', ''),
(56, '2021-06-28 08:43:50', 'PENYALUR.APPROVEKONTRAKKERJA', 'PENYALUR MENYETUJUI KONTRAK KERJA', '', '89907203728', '76863707574', 'AMEL', ''),
(57, '2021-06-28 08:44:05', 'PENYALUR.COMPLETEJOB', 'PENYALUR MENYELESAIKAN PEKERJAAN', '', '89907203728', '', 'AMEL', ''),
(58, '2021-06-28 11:55:08', 'TKI.CREATED', 'TKI DIAJUKAN', '89633022735', '', '', 'SAFIRA', ''),
(59, '2021-06-28 12:38:51', 'ADMIN.APPROVETKI', 'ADMIN MENYETUJUI TKI', '89633022735', '', '', 'TESTING ADMIN 1', ''),
(60, '2021-06-28 12:38:51', 'TKI.APPROVED', 'TKI DISETUJUI', '89633022735', '', '', 'TESTING ADMIN 1', ''),
(61, '2021-06-28 13:40:10', 'PENYALUR.APPLYJOB', 'PENYALUR MENGAJUKAN PEKERJAAN TKI', '89633022735', '26121408718', '', 'SAFIRA', ''),
(62, '2021-06-29 07:32:36', 'MANAGER.ASSIGNJOB', 'MANAGER MENUGASKAN PEKERJAAN', '', '26121408718', '74835702502', 'TESTING MANAGER 1', ''),
(63, '2021-06-29 12:11:18', 'ADMIN.CREATESURATPERJANJIAN', 'ADMIN MEMBUAT SURAT PERJANJIAN', '', '26121408718', '55348260233', 'TESTING ADMIN 1', ''),
(64, '2021-06-29 12:53:38', 'TKI.CREATED', 'TKI DIAJUKAN', '81019540111', '', '', 'ANGGI', ''),
(65, '2021-06-29 12:53:45', 'PENYALUR.APPROVESURATPERJANJIAN', 'PENYALUR MENYETUJUI SURAT PERJANJIAN', '', '26121408718', '55348260233', 'SAFIRA', ''),
(66, '2021-06-29 12:59:03', 'ADMIN.APPROVETKI', 'ADMIN MENYETUJUI TKI', '81019540111', '', '', 'TESTING ADMIN 1', ''),
(67, '2021-06-29 12:59:03', 'TKI.APPROVED', 'TKI DISETUJUI', '81019540111', '', '', 'TESTING ADMIN 1', ''),
(68, '2021-06-29 13:26:20', 'MANAGER.CREATEKONTRAK', 'MANAGER MEMBUAT KONTRAK KERJA', '', '26121408718', '56081223876', 'TESTING MANAGER 1', ''),
(69, '2021-06-29 13:46:38', 'PENYALUR.APPROVEKONTRAKKERJA', 'PENYALUR MENYETUJUI KONTRAK KERJA', '', '26121408718', '56081223876', 'SAFIRA', ''),
(70, '2021-07-05 14:48:35', 'ADMIN.APPROVETKI', 'ADMIN MENYETUJUI TKI', '91364055944', '', '', 'TESTING ADMIN 1', ''),
(71, '2021-07-05 14:48:35', 'TKI.APPROVED', 'TKI DISETUJUI', '91364055944', '', '', 'TESTING ADMIN 1', ''),
(72, '2021-07-05 14:54:47', 'PENYALUR.APPLYJOB', 'PENYALUR MENGAJUKAN PEKERJAAN TKI', '91364055944', '43797239640', '', 'RESTI', ''),
(73, '2021-07-05 15:21:56', 'MANAGER.ASSIGNJOB', 'MANAGER MENUGASKAN PEKERJAAN', '', '43797239640', '74835702502', 'TESTING MANAGER 1', ''),
(74, '2021-07-05 16:03:39', 'ADMIN.CREATESURATPERJANJIAN', 'ADMIN MEMBUAT SURAT PERJANJIAN', '', '43797239640', '92180030129', 'TESTING ADMIN 1', ''),
(75, '2021-07-07 07:29:11', 'PENYALUR.APPROVESURATPERJANJIAN', 'PENYALUR MENYETUJUI SURAT PERJANJIAN', '', '43797239640', '92180030129', 'RESTI', ''),
(76, '2021-07-08 01:25:30', 'ADMIN.APPROVETKI', 'ADMIN MENYETUJUI TKI', '44707003914', '', '', 'TESTING ADMIN 1', ''),
(77, '2021-07-08 01:25:30', 'TKI.APPROVED', 'TKI DISETUJUI', '44707003914', '', '', 'TESTING ADMIN 1', ''),
(78, '2021-07-08 01:47:35', 'PENYALUR.APPLYJOB', 'PENYALUR MENGAJUKAN PEKERJAAN TKI', '44707003914', '70369010691', '', 'TESTING PENYALUR', ''),
(79, '2021-07-08 07:08:34', 'TKI.CREATED', 'TKI DIAJUKAN', '72950688146', '', '', 'TESTING PENYALUR', ''),
(80, '2021-07-08 07:11:17', 'ADMIN.APPROVETKI', 'ADMIN MENYETUJUI TKI', '72950688146', '', '', 'TESTING ADMIN 1', ''),
(81, '2021-07-08 07:11:17', 'TKI.APPROVED', 'TKI DISETUJUI', '72950688146', '', '', 'TESTING ADMIN 1', ''),
(82, '2021-07-08 07:12:10', 'PENYALUR.APPLYJOB', 'PENYALUR MENGAJUKAN PEKERJAAN TKI', '72950688146', '74379130711', '', 'TESTING PENYALUR', ''),
(83, '2021-07-08 07:13:23', 'MANAGER.ASSIGNJOB', 'MANAGER MENUGASKAN PEKERJAAN', '', '74379130711', '74835702502', 'TESTING MANAGER 1', ''),
(84, '2021-07-15 04:02:11', 'TKI.CREATED', 'TKI DIAJUKAN', '16070526111', '', '', 'INDAH', ''),
(85, '2021-07-15 04:03:44', 'ADMIN.APPROVETKI', 'ADMIN MENYETUJUI TKI', '16070526111', '', '', 'TESTING ADMIN 1', ''),
(86, '2021-07-15 04:03:44', 'TKI.APPROVED', 'TKI DISETUJUI', '16070526111', '', '', 'TESTING ADMIN 1', ''),
(87, '2021-07-15 04:08:03', 'MANAGER.ASSIGNJOB', 'MANAGER MENUGASKAN PEKERJAAN', '', '70369010691', '62940692053', 'TESTING MANAGER 1', ''),
(88, '2021-07-15 04:16:59', 'PENYALUR.APPLYJOB', 'PENYALUR MENGAJUKAN PEKERJAAN TKI', '16070526111', '61813748717', '', 'INDAH', ''),
(89, '2021-07-15 04:17:20', 'PENYALUR.CANCELJOB', 'PENYALUR MEMBATALKAN PEKERJAAN', '', '61813748717', '', 'INDAH', ''),
(90, '2021-07-15 04:17:32', 'PENYALUR.CANCELJOB', 'PENYALUR MEMBATALKAN PEKERJAAN', '', '61813748717', '', 'INDAH', ''),
(91, '2021-07-15 11:25:59', 'ADMIN.CREATESURATPERJANJIAN', 'ADMIN MEMBUAT SURAT PERJANJIAN', '', '74379130711', '44380153803', 'TESTING ADMIN 1', ''),
(92, '2021-07-15 11:31:51', 'PENYALUR.APPROVESURATPERJANJIAN', 'PENYALUR MENYETUJUI SURAT PERJANJIAN', '', '74379130711', '44380153803', 'TESTING PENYALUR', ''),
(93, '2021-07-15 11:36:12', 'MANAGER.CREATEKONTRAK', 'MANAGER MEMBUAT KONTRAK KERJA', '', '74379130711', '42132028291', 'TESTING MANAGER 1', ''),
(94, '2021-07-15 11:36:59', 'PENYALUR.APPROVEKONTRAKKERJA', 'PENYALUR MENYETUJUI KONTRAK KERJA', '', '74379130711', '42132028291', 'TESTING PENYALUR', ''),
(95, '2021-07-18 05:18:33', 'ADMIN.CREATESURATPERJANJIAN', 'ADMIN MEMBUAT SURAT PERJANJIAN', '', '70369010691', '20464527746', 'TESTING ADMIN 1', ''),
(96, '2021-07-18 08:10:43', 'PENYALUR.APPROVESURATPERJANJIAN', 'PENYALUR MENYETUJUI SURAT PERJANJIAN', '', '70369010691', '20464527746', 'TESTING PENYALUR', ''),
(97, '2021-07-20 19:54:45', 'TKI.CREATED', 'TKI DIAJUKAN', '34701974666', '', '', 'TESTING PENYALUR', ''),
(98, '2021-07-22 02:09:24', 'ADMIN.APPROVETKI', 'ADMIN MENYETUJUI TKI', '34701974666', '', '', 'TESTING ADMIN 1', ''),
(99, '2021-07-22 02:09:24', 'TKI.APPROVED', 'TKI DISETUJUI', '34701974666', '', '', 'TESTING ADMIN 1', ''),
(100, '2021-07-22 02:22:39', 'PENYALUR.APPLYJOB', 'PENYALUR MENGAJUKAN PEKERJAAN TKI', '34701974666', '02317811886', '', 'TESTING PENYALUR', ''),
(101, '2021-07-22 02:56:16', 'TKI.CREATED', 'TKI DIAJUKAN', '58787295482', '', '', 'TESTING PENYALUR', ''),
(102, '2021-07-22 02:57:15', 'ADMIN.APPROVETKI', 'ADMIN MENYETUJUI TKI', '58787295482', '', '', 'TESTING ADMIN 1', ''),
(103, '2021-07-22 02:57:15', 'TKI.APPROVED', 'TKI DISETUJUI', '58787295482', '', '', 'TESTING ADMIN 1', ''),
(104, '2021-07-22 03:01:26', 'PENYALUR.APPLYJOB', 'PENYALUR MENGAJUKAN PEKERJAAN TKI', '58787295482', '52537280394', '', 'TESTING PENYALUR', '');

-- --------------------------------------------------------

--
-- Table structure for table `MST_GROUP`
--

CREATE TABLE `MST_GROUP` (
  `ID` int NOT NULL,
  `ID_PERUSAHAAN` varchar(11) NOT NULL,
  `KET` varchar(100) DEFAULT NULL
) ENGINE=InnoDB DEFAULT CHARSET=latin1;

--
-- Dumping data for table `MST_GROUP`
--

INSERT INTO `MST_GROUP` (`ID`, `ID_PERUSAHAAN`, `KET`) VALUES
(1, '92718486902', 'PENYALUR'),
(2, '86677309273', 'PENYALUR'),
(3, '85957863617', 'PENYALUR'),
(4, '86779238522', 'PENYALUR'),
(5, '08123592237', 'PENYALUR'),
(6, '06855116982', 'PENYALUR'),
(7, '91892931365', 'PENYALUR');

-- --------------------------------------------------------

--
-- Table structure for table `MST_JENIS_DOK`
--

CREATE TABLE `MST_JENIS_DOK` (
  `ID` varchar(11) NOT NULL,
  `NAMA_DOKUMEN` varchar(50) NOT NULL,
  `ALIAS` varchar(10) NOT NULL,
  `JENIS` varchar(1) DEFAULT NULL COMMENT '1 = Doc Wajib CTKI, 2 = Doc Wajib Penyalur, NULL = Doc Surat/Dokumen',
  `STATUS` varchar(1) NOT NULL DEFAULT '1' COMMENT '1 = ACTIVE, 0 = NON ACTIVE',
  `UPDATE_DATE` timestamp NOT NULL DEFAULT CURRENT_TIMESTAMP ON UPDATE CURRENT_TIMESTAMP,
  `INSERT_DATE` timestamp NOT NULL DEFAULT CURRENT_TIMESTAMP,
  `CREATED_BY` varchar(11) NOT NULL
) ENGINE=InnoDB DEFAULT CHARSET=latin1;

--
-- Dumping data for table `MST_JENIS_DOK`
--

INSERT INTO `MST_JENIS_DOK` (`ID`, `NAMA_DOKUMEN`, `ALIAS`, `JENIS`, `STATUS`, `INSERT_DATE`, `CREATED_BY`) VALUES
('26955576485', 'DOKUMEN KONTRAK', '', NULL, '1', '2021-04-30 18:36:49', '77739680169'),
('29836358418', 'PASSPORT', '', '1', '1', '2021-04-30 18:38:24', '77739680169'),
('50132812553', 'AKTE KELAHIRAN', '', '1', '1', '2021-04-30 18:36:41', '77739680169'),
('53890630510', 'SURAT KETERANGANAN CATATAN KEPOLISIAN', 'SKCK', '1', '1', '2021-04-30 18:38:54', '77739680169'),
('72800662015', 'KARTU TANDA PENDUDUK', 'KTP', '1', '1', '2021-04-30 18:38:01', '77739680169'),
('79014042052', 'SURAT IZIN KELUARGA', '', '1', '1', '2021-04-30 18:38:36', '77739680169'),
('83457374256', 'IJAZAH', '', '1', '1', '2021-04-30 18:37:31', '77739680169'),
('95164479391', 'DOKUMEN SURAT PERJANJIAN', '', NULL, '1', '2021-04-30 18:37:19', '77739680169'),
('95516593229', 'DOKUMEN PERSETUJUAN TKI', '', NULL, '1', '2021-04-30 18:37:00', '77739680169'),
('95932287375', 'PAS FOTO', '', '1', '1', '2021-04-30 18:38:15', '77739680169'),
('99082695476', 'KARTU KELUARGA', 'KK', '1', '1', '2021-04-30 18:37:49', '77739680169');

-- --------------------------------------------------------

--
-- Table structure for table `MST_KONTEN`
--

CREATE TABLE `MST_KONTEN` (
  `ID` varchar(11) NOT NULL,
  `JENIS_KONTEN` varchar(2) NOT NULL COMMENT '1 = Pengumuman, 2 = Karir, 3 = Berita',
  `JUDUL` varchar(200) NOT NULL,
  `DESKRIPSI` text NOT NULL,
  `PIC` varchar(200) DEFAULT NULL,
  `STATUS` varchar(1) NOT NULL DEFAULT '1',
  `UPDATE_DATE` timestamp NOT NULL DEFAULT CURRENT_TIMESTAMP ON UPDATE CURRENT_TIMESTAMP,
  `INSERT_DATE` timestamp NOT NULL DEFAULT CURRENT_TIMESTAMP,
  `CREATED_BY` varchar(11) NOT NULL
) ENGINE=InnoDB DEFAULT CHARSET=latin1;

--
-- Dumping data for table `MST_KONTEN`
--

INSERT INTO `MST_KONTEN` (`ID`, `JENIS_KONTEN`, `JUDUL`, `DESKRIPSI`, `PIC`, `STATUS`, `INSERT_DATE`, `CREATED_BY`) VALUES
('10820095809', '1', 'LOWONGAN DI NEGARA SINGAPORE', '<p>DIBUTUHKAN CTKI!</p><p>JOBDESK :<br>-Menjaga Anak dengan waktu kerja yang tidak ditentukan<br>-Memasak untuk orang rumah<br>-Memandikan Anak 2x sehari<br>-Membersihkan seluruh rumah<br>-Mencuci Baju</p>', NULL, '1', '2021-05-30 02:50:21', '63935625183');

-- --------------------------------------------------------

--
-- Table structure for table `MST_KONTRAK`
--

CREATE TABLE `MST_KONTRAK` (
  `ID` varchar(11) NOT NULL,
  `NO` int NOT NULL,
  `NO_KONTRAK` varchar(20) DEFAULT NULL,
  `ID_PERUSAHAAN` varchar(11) DEFAULT NULL,
  `LAMA_KONTRAK` varchar(2) DEFAULT NULL,
  `SATUAN_LAMA_KONTRAK` varchar(5) DEFAULT NULL COMMENT 'TAHUN, BULAN, HARI',
  `TANGGAL_MULAI` date DEFAULT NULL,
  `TANGGAL_SELESAI` date DEFAULT NULL,
  `WAKTU_KERJA` varchar(2) DEFAULT NULL,
  `SATUAN_WAKTU_KERJA` varchar(5) DEFAULT NULL,
  `JAM_PERHARI` varchar(2) DEFAULT NULL,
  `JAM_PERMINGGU` varchar(2) DEFAULT NULL,
  `ID_PEKERJAAN` varchar(11) DEFAULT NULL,
  `TGL_PEMBERIAN_GAJI` varchar(2) DEFAULT NULL,
  `JUMLAH_GAPOK` int DEFAULT NULL,
  `TUNJANGAN_KESEHATAN` int DEFAULT NULL,
  `TUNJANGAN_TRANSPORTASI` int DEFAULT NULL,
  `UANG_KERAJINAN` int DEFAULT NULL,
  `BIAYA_PENGOBATAN` int DEFAULT NULL,
  `CUTI_TAHUNAN` varchar(2) DEFAULT NULL,
  `SYARAT_UNDURDIRI` varchar(2) DEFAULT NULL,
  `WAKTU_UNDURDIRI` varchar(2) DEFAULT NULL,
  `TGL_PENGESAHAN` date DEFAULT NULL,
  `ID_DOKUMEN` varchar(11) DEFAULT NULL,
  `PIHAK_PERTAMA` varchar(200) DEFAULT NULL,
  `PIHAK_KEDUA` varchar(200) DEFAULT NULL,
  `STATUS` varchar(1) DEFAULT '1' COMMENT '1 = ACTIVE, 0 = NON ACTIVE',
  `CATATAN` text,
  `UPDATE_DATE` timestamp NOT NULL DEFAULT CURRENT_TIMESTAMP ON UPDATE CURRENT_TIMESTAMP,
  `INSERT_DATE` timestamp NOT NULL DEFAULT CURRENT_TIMESTAMP,
  `CREATED_BY` varchar(11) NOT NULL
) ENGINE=InnoDB DEFAULT CHARSET=latin1;

--
-- Dumping data for table `MST_KONTRAK`
--

INSERT INTO `MST_KONTRAK` (`ID`, `NO`, `NO_KONTRAK`, `ID_PERUSAHAAN`, `LAMA_KONTRAK`, `SATUAN_LAMA_KONTRAK`, `TANGGAL_MULAI`, `TANGGAL_SELESAI`, `WAKTU_KERJA`, `SATUAN_WAKTU_KERJA`, `JAM_PERHARI`, `JAM_PERMINGGU`, `ID_PEKERJAAN`, `TGL_PEMBERIAN_GAJI`, `JUMLAH_GAPOK`, `TUNJANGAN_KESEHATAN`, `TUNJANGAN_TRANSPORTASI`, `UANG_KERAJINAN`, `BIAYA_PENGOBATAN`, `CUTI_TAHUNAN`, `SYARAT_UNDURDIRI`, `WAKTU_UNDURDIRI`, `TGL_PENGESAHAN`, `ID_DOKUMEN`, `PIHAK_PERTAMA`, `PIHAK_KEDUA`, `STATUS`, `CATATAN`, `INSERT_DATE`, `CREATED_BY`) VALUES
('23561014244', 2, '2/SKK/VI/2021', '86677309273', '1', 'TAHUN', '2021-05-18', '2022-06-07', '29', NULL, '12', NULL, '82037052359', '28', 4000000, 150000, 350000, 200000, 2000000, '2', '12', '10', '2021-06-15', NULL, 'PT TELKOM JAYA ASYIFA', 'SINTA', '1', NULL, '2021-06-26 11:34:02', '70702061090'),
('36830561761', 1, '1/SKK/VI/2021', '92718486902', '2', 'TAHUN', '2021-06-01', '2023-02-26', '29', NULL, '12', NULL, '82037052359', '29', 4000000, 150000, 350000, 200000, 2000000, '2', '12', '10', '2021-06-19', NULL, 'PT. ASSALAM KARYA MANUNGGAL PUTRA', 'BERLYN', '1', NULL, '2021-06-26 10:33:53', '70702061090'),
('42132028291', 12, '12/SKK/VII/2021', '92718486902', '2', 'TAHUN', '2021-07-20', '2023-07-20', '29', NULL, '12', NULL, '82037052359', '07', 4000000, 150000, 350000, 200000, 2000000, '2', '24', '20', '2021-07-16', NULL, 'PT. ASSALAM KARYA MANUNGGAL PUTRA', 'RISKA', '1', NULL, '2021-07-15 11:33:38', '70702061090'),
('56081223876', 11, '11/SKK/VI/2021', '86779238522', '2', 'TAHUN', '2021-12-09', '2023-12-09', '29', NULL, '12', NULL, '82037052359', '29', 4000000, 150000, 350000, 200000, 2000000, '2', '12', '10', '2021-12-09', NULL, 'PT R A SEJAHTERA', 'DEVI', '1', NULL, '2021-06-29 13:22:21', '70702061090'),
('67514277527', 9, '9/SKK/VI/2021', '86677309273', '1', 'TAHUN', '2021-06-27', '2022-06-27', '29', NULL, '12', NULL, '82037052359', '25', 4000000, 150000, 350000, 200000, 2000000, '2', '6', '2', '2021-09-05', NULL, 'PT TELKOM JAYA ASYIFA', 'MARLON', '1', NULL, '2021-06-27 11:46:27', '70702061090'),
('76863707574', 10, '10/SKK/VI/2021', '86677309273', '2', 'TAHUN', '2021-06-16', '2023-06-05', '29', NULL, '12', NULL, '82037052359', '25', 4000000, 150000, 350000, 200000, 2000000, '2', '12', '10', '2021-06-01', NULL, 'PT TELKOM JAYA ASYIFA', 'RINDI', '1', NULL, '2021-06-28 08:36:09', '70702061090'),
('97760206879', 8, NULL, '92718486902', '2', 'TAHUN', '2019-06-13', '2021-07-06', '29', NULL, '12', NULL, '82037052359', '29', 4000000, 150000, 350000, 200000, 2000000, '2', '12', '10', '2021-06-18', NULL, 'PT. ASSALAM KARYA MANUNGGAL PUTRA', 'SARIPAH', '1', NULL, '2021-06-26 13:03:54', '70702061090');

-- --------------------------------------------------------

--
-- Table structure for table `MST_KUALIFIKASI`
--

CREATE TABLE `MST_KUALIFIKASI` (
  `ID` varchar(11) NOT NULL,
  `PERTANYAAN` text NOT NULL,
  `JENIS` varchar(2) NOT NULL DEFAULT '0' COMMENT '1 = Pilihan',
  `STATUS` varchar(1) NOT NULL DEFAULT '1' COMMENT '1 = ACTIVE, 0 = NON ACTIVE',
  `CATATAN` text,
  `UPDATE_DATE` timestamp NOT NULL DEFAULT CURRENT_TIMESTAMP ON UPDATE CURRENT_TIMESTAMP,
  `INSERT_DATE` timestamp NOT NULL DEFAULT CURRENT_TIMESTAMP,
  `CREATED_BY` varchar(11) NOT NULL
) ENGINE=InnoDB DEFAULT CHARSET=latin1;

--
-- Dumping data for table `MST_KUALIFIKASI`
--

INSERT INTO `MST_KUALIFIKASI` (`ID`, `PERTANYAAN`, `JENIS`, `STATUS`, `CATATAN`, `INSERT_DATE`, `CREATED_BY`) VALUES
('58575113282', 'APAKAH MEMILIKI PENYAKIT ?', '1', '1', '', '2021-05-30 02:39:46', '63935625183'),
('67573529266', 'APAKAH SIAP UNTUK BEKERJA DIMALAM HARI?', '1', '1', '', '2021-05-30 02:42:42', '63935625183');

-- --------------------------------------------------------

--
-- Table structure for table `MST_LOWONGAN`
--

CREATE TABLE `MST_LOWONGAN` (
  `ID` varchar(11) NOT NULL,
  `JOB` varchar(200) NOT NULL,
  `JENIS_PEKERJAAN` varchar(11) NOT NULL,
  `DESKRIPSI` text NOT NULL,
  `NEGARA` varchar(100) DEFAULT NULL,
  `ALAMAT_LOKASI` text,
  `IS_COMPANY` varchar(1) NOT NULL COMMENT 'Y = Company, N = Non Company',
  `PENERIMA_JASA` varchar(300) DEFAULT NULL,
  `EMAIL_PJ` varchar(200) DEFAULT NULL,
  `KODE_PJ` varchar(20) DEFAULT NULL,
  `JUMLAH_GAPOK` int DEFAULT NULL,
  `TUNJANGAN_KESEHATAN` int DEFAULT NULL,
  `TUNJANGAN_TRANSPORTASI` int DEFAULT NULL,
  `UANG_KERAJINAN` int DEFAULT NULL,
  `BIAYA_PENGOBATAN` int DEFAULT NULL,
  `CUTI_TAHUNAN` int DEFAULT NULL,
  `LAMA_BEKERJA` int DEFAULT NULL,
  `SATUAN_LAMA_BEKERJA` varchar(5) DEFAULT NULL COMMENT 'TAHUN, BULAN, HARI',
  `WAKTU_KERJA` varchar(2) DEFAULT NULL,
  `SATUAN_WAKTU_KERJA` varchar(5) DEFAULT NULL,
  `JAM_PERHARI` varchar(2) DEFAULT NULL,
  `JAM_PERMINGGU` varchar(2) DEFAULT NULL,
  `SLOT_PEKERJAAN` int DEFAULT '1',
  `IS_USED` varchar(1) NOT NULL DEFAULT 'N',
  `STATUS` varchar(1) NOT NULL DEFAULT '1',
  `UPDATE_DATE` timestamp NOT NULL DEFAULT CURRENT_TIMESTAMP ON UPDATE CURRENT_TIMESTAMP,
  `INSERT_DATE` timestamp NOT NULL DEFAULT CURRENT_TIMESTAMP,
  `CREATED_BY` varchar(11) NOT NULL
) ENGINE=InnoDB DEFAULT CHARSET=latin1;

--
-- Dumping data for table `MST_LOWONGAN`
--

INSERT INTO `MST_LOWONGAN` (`ID`, `JOB`, `JENIS_PEKERJAAN`, `DESKRIPSI`, `NEGARA`, `ALAMAT_LOKASI`, `IS_COMPANY`, `PENERIMA_JASA`, `EMAIL_PJ`, `KODE_PJ`, `JUMLAH_GAPOK`, `TUNJANGAN_KESEHATAN`, `TUNJANGAN_TRANSPORTASI`, `UANG_KERAJINAN`, `BIAYA_PENGOBATAN`, `CUTI_TAHUNAN`, `LAMA_BEKERJA`, `SATUAN_LAMA_BEKERJA`, `WAKTU_KERJA`, `SATUAN_WAKTU_KERJA`, `JAM_PERHARI`, `JAM_PERMINGGU`, `SLOT_PEKERJAAN`, `IS_USED`, `STATUS`, `INSERT_DATE`, `CREATED_BY`) VALUES
('38083034355', 'BABY SITTER', '82037052359', 'TAKE CARE BABY', '', 'SEDNEY STREETS', 'N', 'AGNES', 'cippaa19@gmail.com', '232342423', 6000000, 1000000, 500000, 200000, 650000, 12, 2, 'TAHUN', '6', 'HARI', '12', NULL, 10, 'N', '1', '2021-07-22 02:49:10', '70702061090'),
('49872239999', 'LOWONGAN SUPIR', '82037052359', 'NYUPIR', 'ID', 'CIBARUSAH', 'N', 'RUMAH BELAJAR', 'angeloasyifa21@gmail.com', '328795', 3400000, 20000, 20000, 35000, 120000, 2, 1, 'TAHUN', '29', 'HARI', '8', NULL, 4, 'N', '1', '2021-06-28 05:55:19', '63935625183'),
('62940692053', 'LOWONGAN PRT', '82037052359', 'MENYAPU MENCUCI PIRING', 'ID', 'JL.PROF SOEPOMO', 'N', 'PANTI JUMPO', 'jaenab@office.com', '32958675474', 300000, 25000, 30000, 230000, 20000, 2, 2, 'TAHUN', '30', 'HARI', '12', NULL, 5, 'N', '1', '2021-07-15 03:50:30', '70702061090'),
('71551886966', 'BABY SITTER', '82037052359', 'TAKE CARE BABY', '', 'JL. ASIA AFRIKA', 'N', 'AGNES ', 'angeloasyifa21@gmail.com', '2913023822921', 6000000, 1000000, 500000, 200000, 500000, 12, 2, 'TAHUN', '6', 'HARI', '12', NULL, 6, 'N', '1', '2021-07-22 03:05:03', '70702061090'),
('74835702502', 'LOWONGAN PRT', '82037052359', 'CUCI PIRING CUCI BAJU', 'ID', 'TAMAN RAHAYU', 'N', 'RUMAH HANTU', 'angeloasyifa21@gmail.com', '345623', 4000000, 150000, 350000, 200000, 2000000, 2, 2, 'TAHUN', '29', 'HARI', '12', NULL, 5, 'N', '1', '2021-06-26 10:11:03', '70702061090'),
('92137633702', 'BABY SITTER', '82037052359', 'TAKE CARE BABY', '', 'JL TOA PA YO', 'N', 'AGNES ', 'angeloasyifa21@gmail.com', '2913023822921', 6000000, 1000000, 500000, 200000, 650000, 12, 2, 'TAHUN', '6', 'HARI', '12', NULL, 6, 'N', '1', '2021-07-22 03:07:45', '63935625183'),
('96459870264', 'BABY SITTER', '82037052359', 'BABY SITTER', 'AU', 'SEDNEY STREET', 'N', 'BABY SITTER', 'cippaa19@gmail.com', '39284923742', 6000000, 1000000, 500000, 200000, 650000, 12, 2, 'TAHUN', '6', 'HARI', '12', NULL, 10, 'N', '1', '2021-07-20 16:51:23', '63935625183');

-- --------------------------------------------------------

--
-- Table structure for table `MST_PEKERJAAN`
--

CREATE TABLE `MST_PEKERJAAN` (
  `ID` varchar(11) NOT NULL,
  `PEKERJAAN` text,
  `STATUS` varchar(1) NOT NULL DEFAULT '1' COMMENT '1 = ACTIVE, 0 = NON ACTIVE',
  `CATATAN` text,
  `UPDATE_DATE` timestamp NOT NULL DEFAULT CURRENT_TIMESTAMP ON UPDATE CURRENT_TIMESTAMP,
  `INSERT_DATE` timestamp NOT NULL DEFAULT CURRENT_TIMESTAMP,
  `CREATED_BY` varchar(11) NOT NULL
) ENGINE=InnoDB DEFAULT CHARSET=latin1;

--
-- Dumping data for table `MST_PEKERJAAN`
--

INSERT INTO `MST_PEKERJAAN` (`ID`, `PEKERJAAN`, `STATUS`, `CATATAN`, `INSERT_DATE`, `CREATED_BY`) VALUES
('82037052359', 'PRT', '1', '', '2021-05-30 07:51:14', '63935625183');

-- --------------------------------------------------------

--
-- Table structure for table `MST_PENYALUR`
--

CREATE TABLE `MST_PENYALUR` (
  `ID` varchar(11) NOT NULL,
  `NAMA` varchar(100) DEFAULT NULL,
  `NIK` varchar(16) DEFAULT NULL,
  `NPWP` varchar(20) DEFAULT NULL,
  `ALAMAT` text,
  `TEMPAT_LAHIR` varchar(50) DEFAULT NULL,
  `TANGGAL_LAHIR` date DEFAULT NULL,
  `ID_GROUP` int DEFAULT NULL,
  `APPROVE` varchar(1) DEFAULT '0' COMMENT '0 = NEW, 1 = APPROVED, 2 = REJECTED',
  `APPROVED_BY` varchar(11) DEFAULT NULL,
  `APPROVED_DATE` timestamp NULL DEFAULT NULL,
  `CATATAN` text,
  `UPDATE_DATE` timestamp NOT NULL DEFAULT CURRENT_TIMESTAMP ON UPDATE CURRENT_TIMESTAMP,
  `INSERT_DATE` timestamp NOT NULL DEFAULT CURRENT_TIMESTAMP,
  `CREATED_BY` varchar(11) NOT NULL
) ENGINE=InnoDB DEFAULT CHARSET=latin1;

--
-- Dumping data for table `MST_PENYALUR`
--

INSERT INTO `MST_PENYALUR` (`ID`, `NAMA`, `NIK`, `NPWP`, `ALAMAT`, `TEMPAT_LAHIR`, `TANGGAL_LAHIR`, `ID_GROUP`, `APPROVE`, `APPROVED_BY`, `APPROVED_DATE`, `CATATAN`, `INSERT_DATE`, `CREATED_BY`) VALUES
('00418757945', 'TESTING PENYALUR', '8374829858393848', '', '', 'BEKASI', '2021-05-09', 1, '1', '43632169105', '2021-05-28 12:49:49', NULL, '2021-05-28 12:47:50', '87429290576'),
('05093515114', 'MARTIN', '325874', '325577', 'JL.MEDAN', 'BEKASI', '1998-05-12', 2, '0', NULL, NULL, NULL, '2021-06-28 06:31:12', '63935625183'),
('05246530671', 'RESTI', '3249582', '38204968', 'TAMAN RAHAYU', 'JAKARTA', '1998-06-17', 1, '1', '70702061090', '2021-06-26 09:50:47', NULL, '2021-06-26 09:49:08', '63935625183'),
('11789424119', 'AMEL', '32456456', '325673', 'TRR 1', 'CIMAHI', '1999-03-12', 2, '1', '70702061090', '2021-06-28 05:46:48', NULL, '2021-06-28 05:46:10', '63935625183'),
('20457953445', 'IMAM', '32857353', '32745892', 'MEDAN RAYA', 'MEDAN', '1998-06-24', 2, '1', '70702061090', '2021-06-26 10:56:01', NULL, '2021-06-26 10:54:27', '63935625183'),
('38398129424', 'ANGGI', '3242165', '3256632', 'PANGKALAN 5', 'MEDAN', '2002-03-15', 3, '1', '70702061090', '2021-06-29 12:49:31', NULL, '2021-06-29 12:47:50', '63935625183'),
('39826788475', 'TIARA', '32948724', '3285739284', 'JL.SERSAN', 'BEKASI', '1999-05-11', 2, '1', '70702061090', '2021-06-28 07:29:24', NULL, '2021-06-28 07:28:26', '63935625183'),
('44684600316', 'IVON', '238401', '20138039', 'JL. SEJAHTERA', 'BEKASI', '1980-02-11', 6, '1', '70702061090', '2021-07-18 07:01:12', NULL, '2021-07-18 07:00:30', '63935625183'),
('51768028119', 'RIZAL', '201209310291', '29013821301', 'JL. SETIA ABADI', 'JAKARTA PUSAT', '1990-12-12', 4, '1', '70702061090', '2021-07-20 18:17:12', NULL, '2021-07-20 17:20:53', '63935625183'),
('55111876473', 'INTAN', '324563', '325788', 'BANDUNG', 'BANDUNG', '1998-06-04', 1, '1', '70702061090', '2021-06-28 09:15:26', NULL, '2021-06-27 17:34:35', '63935625183'),
('63168956640', 'ZAHRA', '32783792837923', '283928389', 'JL. BUNTU', 'BEKASI', '1999-02-19', 4, '0', NULL, NULL, NULL, '2021-06-29 16:22:41', '63935625183'),
('64298740467', 'SITI NUR MAYA RINI', '1231311513545423', '', '', 'BEKASI', '1994-05-01', 1, '1', '46204811185', '2021-04-30 18:35:14', NULL, '2021-04-30 18:31:58', '77739680169'),
('69136096396', 'UDIN', '5136649', '2326158418', 'JL. KEMAKMURAN III, BEKASI SELATAN', 'BANTAR GEBANG', '1994-02-22', 2, '1', '70702061090', '2021-06-27 11:31:13', NULL, '2021-06-27 11:29:46', '63935625183'),
('77103306695', 'INDAH', '328458356', '32485935', 'CIMANGGIS DEPOK', 'KULON PROGO', '1999-05-03', 3, '1', '70702061090', '2021-07-15 03:37:18', NULL, '2021-07-15 03:35:53', '63935625183'),
('89595150334', 'SAFIRA', '3212197239123', '20393239', 'JL. BOJONG KULUR', 'TEGAL', '1998-10-19', 4, '1', '70702061090', '2021-06-28 11:33:03', NULL, '2021-06-28 11:30:27', '63935625183'),
('99488745340', 'ATIKA', '3172931238320002', '2120192830112', 'CLUSTER GARDEN HILS', 'BEKASI', '1991-03-07', 1, '1', '70702061090', '2021-05-28 11:09:47', NULL, '2021-05-28 11:08:30', '63935625183');

-- --------------------------------------------------------

--
-- Table structure for table `MST_PERUSAHAAN`
--

CREATE TABLE `MST_PERUSAHAAN` (
  `ID` varchar(11) NOT NULL,
  `NAMA_PERUSAHAAN` varchar(100) NOT NULL,
  `NPWP` varchar(20) DEFAULT NULL,
  `ALAMAT` text,
  `NO_TELP` varchar(12) DEFAULT NULL,
  `EMAIL` varchar(200) DEFAULT NULL,
  `CONTACT_PERSON` varchar(50) DEFAULT NULL,
  `STATUS` int DEFAULT '1' COMMENT '1 = ACTIVE, 0 = NON ACTIVE',
  `UPDATE_DATE` timestamp NOT NULL DEFAULT CURRENT_TIMESTAMP ON UPDATE CURRENT_TIMESTAMP,
  `INSERT_DATE` timestamp NOT NULL DEFAULT CURRENT_TIMESTAMP,
  `CREATED_BY` varchar(11) NOT NULL
) ENGINE=InnoDB DEFAULT CHARSET=latin1;

--
-- Dumping data for table `MST_PERUSAHAAN`
--

INSERT INTO `MST_PERUSAHAAN` (`ID`, `NAMA_PERUSAHAAN`, `NPWP`, `ALAMAT`, `NO_TELP`, `EMAIL`, `CONTACT_PERSON`, `STATUS`, `INSERT_DATE`, `CREATED_BY`) VALUES
('06855116982', 'PT SEJAHTERA', '21093829014', 'JL. BUNTU', '092109281', 'asaskdo@gmail.com', NULL, 1, '2021-07-18 06:53:52', '63935625183'),
('08123592237', 'PT AKKA AL-MATAR', '3287462548592', 'JL. PROF DR.SOEPOMO NO 18', '082374648375', 'akka12@gmail.com', NULL, 1, '2021-07-15 03:32:27', '63935625183'),
('85957863617', 'PT SETIABUDI', '3294763', 'DUKUH ZAMRUD', '08963647247', 'favian12@gmail.com', NULL, 1, '2021-06-28 07:41:16', '63935625183'),
('86677309273', 'PT TELKOM JAYA ASYIFA', '32746829', 'KRANGGAN RAYA', '089643823726', 'imamganten12@gmail.com', NULL, 1, '2021-06-26 10:52:45', '63935625183'),
('86779238522', 'PT R A SEJAHTERA', '92838299238', 'KOMP. KELAPA GADING', '02121183121', 'rasejahtera@gmail.com', NULL, 1, '2021-06-28 11:03:15', '63935625183'),
('91892931365', 'PT RA JAYA', '9999988389822', 'JL. CLUSTER ASIA AFRIKA', '0212143812', 'rajaya@office.com', NULL, 1, '2021-07-20 16:08:19', '63935625183'),
('92718486902', 'PT. ASSALAM KARYA MANUNGGAL PUTRA', NULL, 'JALAN INSPEKTUR MARZUKI NOMOR 2564 A RT. 04 RW. 09. KELURAHAN INSPEKTUR MARZUKI NOMOR 2564 A RT. 04 RW. 09. KELURAHAN SIRING AGUNG PAKJO PALEMBANG', '081283838383', 'assalam@email.com', NULL, 1, '2021-04-30 18:27:04', '46204811185');

-- --------------------------------------------------------

--
-- Table structure for table `MST_SETTING`
--

CREATE TABLE `MST_SETTING` (
  `ID` int NOT NULL,
  `TYPE` varchar(100) NOT NULL,
  `JENIS` varchar(2) NOT NULL,
  `TITLE` varchar(200) NOT NULL,
  `CONTENT` text NOT NULL,
  `UPDATE_DATE` timestamp NOT NULL DEFAULT CURRENT_TIMESTAMP ON UPDATE CURRENT_TIMESTAMP,
  `INSERT_DATE` timestamp NOT NULL DEFAULT CURRENT_TIMESTAMP,
  `CREATED_BY` varchar(11) NOT NULL
) ENGINE=InnoDB DEFAULT CHARSET=latin1;

--
-- Dumping data for table `MST_SETTING`
--

INSERT INTO `MST_SETTING` (`ID`, `TYPE`, `JENIS`, `TITLE`, `CONTENT`, `INSERT_DATE`, `CREATED_BY`) VALUES
(1, 'ABOUT-US', '1', 'Empowering individual', 'Efficiently unleash cross-media tour function information without cross action media value. Quickly maximize timely deliverables for real-time schemas.', '2021-04-27 04:52:02', '33730380207'),
(4, 'COPYRIGHT', '1', '', 'CTKI 2021', '2021-04-26 20:52:02', '33730380207');

-- --------------------------------------------------------

--
-- Table structure for table `MST_SURAT_PERJANJIAN`
--

CREATE TABLE `MST_SURAT_PERJANJIAN` (
  `ID` varchar(11) NOT NULL,
  `NO` int NOT NULL,
  `NOMOR_SURAT` varchar(100) DEFAULT NULL,
  `NAMA_PJ` varchar(50) DEFAULT NULL,
  `NIK_PJ` varchar(20) DEFAULT NULL,
  `TMP_LAHIR_PJ` varchar(100) DEFAULT NULL,
  `TGL_LAHIR_PJ` date DEFAULT NULL,
  `JABATAN_PJ` varchar(50) DEFAULT NULL,
  `ALAMAT_PJ` text,
  `NOMOR_SK` varchar(20) DEFAULT NULL,
  `TANGGAL_SK` date DEFAULT NULL,
  `ID_TKI` varchar(11) DEFAULT NULL,
  `NEGARA_TUJUAN` varchar(100) DEFAULT NULL,
  `ALAMAT` text,
  `TANGGAL_PENGESAHAN` date DEFAULT NULL,
  `CATATAN` text,
  `ID_DOKUMEN` varchar(11) DEFAULT NULL,
  `UPDATE_DATE` timestamp NOT NULL DEFAULT CURRENT_TIMESTAMP ON UPDATE CURRENT_TIMESTAMP,
  `INSERT_DATE` timestamp NOT NULL DEFAULT CURRENT_TIMESTAMP,
  `CREATED_BY` varchar(11) NOT NULL
) ENGINE=InnoDB DEFAULT CHARSET=latin1;

--
-- Dumping data for table `MST_SURAT_PERJANJIAN`
--

INSERT INTO `MST_SURAT_PERJANJIAN` (`ID`, `NO`, `NOMOR_SURAT`, `NAMA_PJ`, `NIK_PJ`, `TMP_LAHIR_PJ`, `TGL_LAHIR_PJ`, `JABATAN_PJ`, `ALAMAT_PJ`, `NOMOR_SK`, `TANGGAL_SK`, `ID_TKI`, `NEGARA_TUJUAN`, `ALAMAT`, `TANGGAL_PENGESAHAN`, `CATATAN`, `ID_DOKUMEN`, `INSERT_DATE`, `CREATED_BY`) VALUES
('09534739944', 4, '4/SPK/VI/2021', 'UDIN', '5136649', NULL, NULL, 'PENYALUR', 'JL. KEMAKMURAN III, BEKASI SELATAN', '5894', '2021-02-06', '15648987259', 'INDONESIA', 'JL. SERSAN IDRIS BEKASI SELATAN RT. 03 RW. 03 KEL. MARGAJAYA KEC. BEKASI SELATAN BEKASI 17141 JAWA BARAT ', '2021-06-06', NULL, NULL, '2021-06-27 11:43:50', '63935625183'),
('20464527746', 9, '9/SPK/VII/2021', 'JORDAN', '8374829858393848', NULL, NULL, 'PENYALUR', 'BDP', '100', '2021-07-18', '44707003914', 'INDONESIA', '', '2021-07-18', NULL, NULL, '2021-07-17 11:57:43', '63935625183'),
('36474856255', 1, '1/SPK/VI/2021', 'RESTI', '3249582', NULL, NULL, 'PENYALUR', 'TAMAN RAHAYU', '23', '2021-06-24', '98157795032', 'INDONESIA', 'JL.MAWAR RT. 12 RW. 08 KEL. CIKETING KEC. BTG BEKASI 5371 JAWA BARAT CIKETINGUDIK', '2021-06-15', NULL, NULL, '2021-06-26 10:17:08', '63935625183'),
('44380153803', 8, '8/SPK/VII/2021', 'RIDWAN', '8374829858393848', NULL, NULL, 'PENYALUR', 'JAKARTA', '99', '2021-07-15', '72950688146', 'INDONESIA', 'JL. PONDOK RT. 001 RW. 001 KEL. BOJONG KEC. TIMUR BEKASI 17426 JAWA BARAT BOJONG', '2021-07-15', NULL, NULL, '2021-07-08 07:18:40', '63935625183'),
('55130353872', 3, '3/SPK/VI/2021', 'TESTING PENYALUR', '8374829858393848', NULL, NULL, 'PENYALUR', 'JAADA', '12', '2021-06-26', '43515268261', 'INDONESIA', 'JL. RAYA KRANGGAN NO. 6 JATISAMPURNA BEKASI. RT. 001 RW. 009 KEL. JATISAMPURNA KEC. JATIRANGGA BEKASI 14 JAWA BARAT BEKASI', '2021-06-27', NULL, NULL, '2021-06-26 12:57:31', '63935625183'),
('55348260233', 6, '6/SPK/VI/2021', 'SAFIRA', '3212197239123', NULL, NULL, 'PENYALUR', 'JL. BOJONG KULUR', '10', '2021-06-29', '89633022735', 'INDONESIA', 'JL. CISADANE RT. 001 RW. 002 KEL. BOJONG KEC. BOJONG BARAT BOGOR 12323 JAWA TIMUR BOJONG', '2021-06-29', NULL, NULL, '2021-06-29 12:07:30', '63935625183'),
('66181635938', 2, '2/SPK/VI/2021', 'IMAM', '32857353', NULL, NULL, 'PENYALUR', 'MEDAN RAYA', '25', '2021-04-09', '57138937481', 'INDONESIA', 'JL.MELATI RT. 03 RW. 04 KEL. CIMUNING KEC. MUSTIKA BEKASI 5032 JAWA BARAT CIKETING', '2021-05-05', NULL, NULL, '2021-06-26 11:11:46', '63935625183'),
('67481019884', 5, '5/SPK/VI/2021', 'AMEL', '32456456', NULL, NULL, 'PENYALUR', 'TRR 1', '32', '2020-06-12', '69780407925', 'INDONESIA', 'JL.MAWAR RAYA RT. 04 RW. 05 KEL. CIKETING KEC. BTG BEKASI 5423 JAWA BARAT CIKETING', '2021-07-08', NULL, NULL, '2021-06-28 08:18:06', '63935625183'),
('92180030129', 7, '7/SPK/VII/2021', 'RESTI', '3249582', NULL, NULL, 'PENYALUR', 'TAMAN RAHAYU', '20', '2021-12-11', '91364055944', 'INDONESIA', 'JL ILYUSIN RT. 010 RW. 009 KEL. GUNUNG KEC. HANG JEBAT JAKARTA SELATAN 14304 DKI JAKARTA GUNUNG', '2021-12-11', NULL, NULL, '2021-07-05 16:02:24', '63935625183');

-- --------------------------------------------------------

--
-- Table structure for table `MST_TKI`
--

CREATE TABLE `MST_TKI` (
  `ID` varchar(11) NOT NULL,
  `NIK` varchar(16) DEFAULT NULL,
  `MAID_CODE` varchar(12) DEFAULT NULL,
  `NAMA` varchar(100) DEFAULT NULL,
  `PASSPORT` varchar(11) DEFAULT NULL,
  `TEMPAT_LAHIR` varchar(50) DEFAULT NULL,
  `TANGGAL_LAHIR` date DEFAULT NULL,
  `JENIS_KELAMIN` varchar(1) DEFAULT NULL COMMENT 'L = LAKI LAKI, P = PEREMPUAN',
  `TINGGI_BADAN` varchar(3) DEFAULT '0',
  `BERAT_BADAN` varchar(3) DEFAULT '0',
  `KEWARGANEGARAAN` varchar(3) DEFAULT NULL,
  `NEGARA_ASAL` varchar(50) DEFAULT NULL,
  `AGAMA` varchar(10) DEFAULT NULL,
  `JML_SAUDARA` varchar(2) DEFAULT '0',
  `ANAK_KE` varchar(2) DEFAULT '0',
  `STATUS_NIKAH` varchar(1) DEFAULT NULL,
  `JML_ANAK` varchar(2) DEFAULT '0',
  `PENDIDIKAN_TERAKHIR` varchar(3) DEFAULT NULL,
  `APPROVE` varchar(1) NOT NULL DEFAULT '0' COMMENT '0 = NEW, 1 = APPROVED, 2 = REJECTED',
  `APPROVED_BY` varchar(11) DEFAULT NULL,
  `APPROVED_DATE` timestamp NULL DEFAULT NULL,
  `CATATAN` text,
  `ID_GROUP` varchar(3) DEFAULT NULL,
  `UPDATE_DATE` timestamp NOT NULL DEFAULT CURRENT_TIMESTAMP ON UPDATE CURRENT_TIMESTAMP,
  `INSERT_DATE` timestamp NOT NULL DEFAULT CURRENT_TIMESTAMP,
  `CREATED_BY` varchar(11) NOT NULL
) ENGINE=InnoDB DEFAULT CHARSET=latin1;

--
-- Dumping data for table `MST_TKI`
--

INSERT INTO `MST_TKI` (`ID`, `NIK`, `MAID_CODE`, `NAMA`, `PASSPORT`, `TEMPAT_LAHIR`, `TANGGAL_LAHIR`, `JENIS_KELAMIN`, `TINGGI_BADAN`, `BERAT_BADAN`, `KEWARGANEGARAAN`, `NEGARA_ASAL`, `AGAMA`, `JML_SAUDARA`, `ANAK_KE`, `STATUS_NIKAH`, `JML_ANAK`, `PENDIDIKAN_TERAKHIR`, `APPROVE`, `APPROVED_BY`, `APPROVED_DATE`, `CATATAN`, `ID_GROUP`, `INSERT_DATE`, `CREATED_BY`) VALUES
('15648987259', '251486', 'L15648987259', 'MARLON', '051468', 'LAU BAKERI', '1997-02-05', 'L', '160', '80', 'WNI', 'INDONESIA', 'ISLAM', '2', '2', 'N', '', 'SMA', '1', '63935625183', '2021-06-27 11:41:51', NULL, '2', '2021-06-27 11:40:18', '33427054656'),
('16070526111', '329485795234', 'P16070526111', 'ANNA', '395736592', 'GRIYA', '1999-06-02', 'P', '154', '50', 'WNI', 'INDONESIA', 'ISLAM', '2', '1', 'N', '', 'SMA', '1', '63935625183', '2021-07-15 04:03:44', NULL, '3', '2021-07-15 04:02:11', '49262817821'),
('34701974666', '2342', 'P34701974666', 'AS', '2342', 'DSA', '7556-05-06', 'P', '123', '12', 'WNI', 'SFGS', 'ISLAM', '1', '1', 'N', '0', 'SD', '1', '63935625183', '2021-07-22 02:09:24', NULL, '1', '2021-07-20 19:54:45', '55650904902'),
('43515268261', '3128239127310001', 'P43515268261', 'SARIPAH', 'B213123CAS', 'BEKASI', '1993-10-11', 'P', '155', '56', 'WNI', 'INDONESIA', 'ISLAM', '1', '1', 'N', '0', 'SMP', '1', '63935625183', '2021-06-01 07:55:21', NULL, '1', '2021-05-28 12:26:14', '55650904902'),
('44707003914', '4567890345678', 'L44707003914', 'CECE', '12948213291', 'JAKT', '2021-06-11', 'L', '90', '90', 'WNI', 'JASIDSAIDSAID', 'ISLAM', '1', '1', 'N', '1', 'SD', '1', '63935625183', '2021-07-08 01:25:30', NULL, '1', '2021-06-10 23:26:11', '55650904902'),
('57138937481', '326574', 'L57138937481', 'SINTA', '3258672', 'JAKARTA', '1996-10-26', 'L', '160', '60', 'WNI', 'INDONESIA', 'ISLAM', '3', '2', 'N', '', 'SMA', '1', '63935625183', '2021-06-26 11:03:18', NULL, '2', '2021-06-26 11:01:18', '67027419424'),
('58787295482', '212031921383921', 'P58787295482', 'KESHA', 'B210391CAD', 'JAKARTA TIMUR', '1990-11-19', 'P', '165', '50', 'WNI', 'INDONESIA', 'ISLAM', '1', '1', 'N', '0', 'SMA', '1', '63935625183', '2021-07-22 02:57:15', NULL, '1', '2021-07-22 02:56:16', '55650904902'),
('69780407925', '3287364', 'P69780407925', 'RINDI', '32837462', 'JAKARTA', '2001-05-05', 'P', '150', '49', 'WNI', 'INDONESIA', 'ISLAM', '2', '1', 'N', '', 'SMA', '1', '63935625183', '2021-06-28 08:06:25', NULL, '2', '2021-06-28 08:04:31', '77948121680'),
('72950688146', '31729238912823', 'P72950688146', 'RISKA', '2MDMK302', 'BEKASI', '1990-01-01', 'P', '150', '60', 'WNI', 'INDONESIA', 'ISLAM', '1', '1', 'N', '0', 'SMA', '1', '63935625183', '2021-07-08 07:11:17', NULL, '1', '2021-07-08 07:08:34', '55650904902'),
('81019540111', '32567653', 'P81019540111', 'WULAN', '32578745', 'CIBARUSAH', '1997-12-16', 'P', '160', '59', 'WNI', 'INDONESIA', 'ISLAM', '2', '1', 'N', '', 'D3', '1', '63935625183', '2021-06-29 12:59:03', NULL, '3', '2021-06-29 12:53:38', '68119264882'),
('89633022735', '239381', 'P89633022735', 'DEVI', 'VA2E321', 'TEGAL', '1990-01-01', 'P', '170', '65', 'WNI', 'INDONESIA', 'ISLAM', '1', '1', 'N', '0', 'SD', '1', '63935625183', '2021-06-28 12:38:51', NULL, '4', '2021-06-28 11:55:08', '12205428825'),
('91364055944', '3219212898700022', 'P91364055944', 'SITI', 'B291093', 'JAKARTA', '1991-03-07', 'P', '165', '60', 'WNI', 'INDONESIA', 'ISLAM', '2', '2', 'N', '0', 'SMA', '1', '63935625183', '2021-07-05 14:48:35', NULL, '1', '2021-05-30 04:15:40', '55650904902'),
('93834114568', '3256845', 'L93834114568', 'ADE', '32457445', 'CIBARUSAH', '1998-02-14', 'L', '159', '56', 'WNI', 'INDONESIA', 'ISLAM', '3', '1', 'N', '', 'SMA', '1', '63935625183', '2021-06-28 05:52:21', NULL, '2', '2021-06-28 05:51:35', '77948121680'),
('98157795032', '32748582', 'P98157795032', 'BERLYN', '372245', 'BEKASI', '2001-03-08', 'P', '153', '50', 'WNI', 'INDONESIA', 'ISLAM', '2', '1', 'N', '', 'SMA', '1', '63935625183', '2021-06-26 09:56:42', NULL, '1', '2021-06-26 09:55:06', '86629414379');

--
-- Triggers `MST_TKI`
--
DELIMITER $$
CREATE TRIGGER `UpdateApprovalDataDiri` AFTER UPDATE ON `MST_TKI` FOR EACH ROW UPDATE JUSTIFIKASI_PEKERJAAN SET DATA_DIRI_APPROVAL = new.APPROVE, APPROVED_BY_1 = new.APPROVED_BY, APPROVED_DATE_1 = new.APPROVED_DATE WHERE ID_TKI = new.ID
$$
DELIMITER ;

-- --------------------------------------------------------

--
-- Table structure for table `MST_USER`
--

CREATE TABLE `MST_USER` (
  `ID` varchar(11) NOT NULL,
  `USERNAME` varchar(50) NOT NULL,
  `PASSWORD` varchar(50) NOT NULL DEFAULT '575f5d6cef70204485e63956d4366546' COMMENT 'DEFAULT ctki2021',
  `NAMA` varchar(100) NOT NULL,
  `JENIS` varchar(1) NOT NULL DEFAULT '3' COMMENT ' 0 = SUPERADMIN, 1 = ADMIN, 2 = MANAGER, 3 = PENYALUR, 4 = UNASSIGNED',
  `ID_GROUP` varchar(3) DEFAULT NULL,
  `STATUS` varchar(1) NOT NULL DEFAULT '1' COMMENT '1 = ACTIVE, 0 = NONACTIVE',
  `AKTIVASI` varchar(1) NOT NULL DEFAULT '0',
  `ID_PENYALUR` varchar(11) DEFAULT NULL,
  `UPDATE_DATE` timestamp NOT NULL DEFAULT CURRENT_TIMESTAMP ON UPDATE CURRENT_TIMESTAMP,
  `INSERT_DATE` timestamp NOT NULL DEFAULT CURRENT_TIMESTAMP,
  `CREATED_BY` varchar(11) NOT NULL
) ENGINE=InnoDB DEFAULT CHARSET=latin1;

--
-- Dumping data for table `MST_USER`
--

INSERT INTO `MST_USER` (`ID`, `USERNAME`, `PASSWORD`, `NAMA`, `JENIS`, `ID_GROUP`, `STATUS`, `AKTIVASI`, `ID_PENYALUR`, `INSERT_DATE`, `CREATED_BY`) VALUES
('05822747243', 'rizal', '575f5d6cef70204485e63956d4366546', 'RIZAL', '3', '4', '1', '0', '51768028119', '2021-07-20 18:17:12', '70702061090'),
('12205428825', 'safira', 'ef77dc208893e4a5affef5f3bff49316', 'SAFIRA', '3', '4', '1', '1', '89595150334', '2021-06-28 11:33:03', '70702061090'),
('14280001433', 'sitinur', 'b2693d9c2124f3ca9547b897794ac6a1', 'SITI NUR MAYA RINI', '3', '1', '1', '1', '64298740467', '2021-04-30 18:35:14', '46204811185'),
('21820778902', 'intan', '575f5d6cef70204485e63956d4366546', 'INTAN', '3', '1', '1', '0', '55111876473', '2021-06-28 09:15:26', '70702061090'),
('24913227228', 'atika', '575f5d6cef70204485e63956d4366546', 'ATIKA', '3', '1', '1', '1', '99488745340', '2021-05-28 11:09:47', '70702061090'),
('25538791598', 'tiara', '575f5d6cef70204485e63956d4366546', 'TIARA', '3', '2', '1', '0', '39826788475', '2021-06-28 07:29:24', '70702061090'),
('33306058033', 'asyifa', '575f5d6cef70204485e63956d4366546', 'ASYIFA HERSUMULYOASTUTI', '2', '-', '1', '0', NULL, '2021-07-20 16:33:02', '63935625183'),
('33427054656', 'udin', '575f5d6cef70204485e63956d4366546', 'UDIN', '3', '2', '1', '1', '69136096396', '2021-06-27 11:31:13', '70702061090'),
('33730380207', 'ferial', 'c93ccd78b2076528346216b3b2f701e6', 'FERIAL FAHLEVI', '0', '-', '1', '1', NULL, '0000-00-00 00:00:00', '33730380207'),
('43632169105', 'testingmanager2', '575f5d6cef70204485e63956d4366546', 'TESTING MANAGER', '2', '-', '1', '1', NULL, '2021-05-28 12:48:22', '33730380207'),
('46204811185', 'irfandaru', 'ff16303c79e6c52677d934df1f13d23c', 'IRFAN DARU AQILLIAN', '2', '-', '0', '1', NULL, '2021-04-30 18:20:58', '33730380207'),
('49262817821', 'indah', 'ef77dc208893e4a5affef5f3bff49316', 'INDAH', '3', '3', '1', '1', '77103306695', '2021-07-15 03:37:18', '70702061090'),
('55650904902', 'testingpenyalur', '575f5d6cef70204485e63956d4366546', 'TESTING PENYALUR', '3', '1', '1', '1', '00418757945', '2021-05-28 12:49:49', '43632169105'),
('63935625183', 'testingadmin1', 'ef77dc208893e4a5affef5f3bff49316', 'TESTING ADMIN 1', '1', '-', '1', '1', NULL, '2021-05-04 04:03:13', '33730380207'),
('67027419424', 'imam', 'ef77dc208893e4a5affef5f3bff49316', 'IMAM', '3', '2', '1', '1', '20457953445', '2021-06-26 10:56:01', '70702061090'),
('68119264882', 'anggi', 'ef77dc208893e4a5affef5f3bff49316', 'ANGGI', '3', '3', '1', '1', '38398129424', '2021-06-29 12:49:31', '70702061090'),
('70702061090', 'testingmanager1', '575f5d6cef70204485e63956d4366546', 'TESTING MANAGER 1', '2', '-', '1', '1', NULL, '2021-05-04 04:03:34', '33730380207'),
('71429349783', 'ivon', 'ef77dc208893e4a5affef5f3bff49316', 'IVON', '3', '6', '0', '1', '44684600316', '2021-07-18 07:01:12', '70702061090'),
('77739680169', 'delia', '83007ab0b22d51bc6cfa53fc21787257', 'DELIA ULFA', '1', '-', '1', '1', NULL, '2021-04-30 18:14:17', '33730380207'),
('77948121680', 'amel', 'ef77dc208893e4a5affef5f3bff49316', 'AMEL', '3', '2', '1', '1', '11789424119', '2021-06-28 05:46:48', '70702061090'),
('86629414379', 'resti', 'ef77dc208893e4a5affef5f3bff49316', 'RESTI', '3', '1', '1', '1', '05246530671', '2021-06-26 09:50:47', '70702061090'),
('87429290576', 'testingadmin2', '575f5d6cef70204485e63956d4366546', 'TESTING ADMIN', '1', '-', '1', '1', NULL, '2021-05-28 12:36:19', '33730380207');

-- --------------------------------------------------------

--
-- Table structure for table `RIWAYAT_PEKERJAAN`
--

CREATE TABLE `RIWAYAT_PEKERJAAN` (
  `ID` varchar(11) NOT NULL,
  `ID_TKI` varchar(11) NOT NULL,
  `ID_PEKERJAAN` varchar(11) NOT NULL,
  `LAMA_BEKERJA` varchar(2) DEFAULT NULL,
  `SATUAN_LAMA_BEKERJA` varchar(20) DEFAULT NULL,
  `LOKASI` varchar(50) DEFAULT NULL,
  `STATUS` varchar(1) NOT NULL DEFAULT '1' COMMENT '1 = ACTIVE, 0 = NON ACTIVE',
  `UPDATE_DATE` timestamp NOT NULL DEFAULT CURRENT_TIMESTAMP ON UPDATE CURRENT_TIMESTAMP,
  `INSERT_DATE` timestamp NOT NULL DEFAULT CURRENT_TIMESTAMP,
  `CREATED_BY` varchar(11) NOT NULL
) ENGINE=InnoDB DEFAULT CHARSET=latin1;

-- --------------------------------------------------------

--
-- Table structure for table `TB_EVENTTYPE`
--

CREATE TABLE `TB_EVENTTYPE` (
  `ID` int NOT NULL,
  `EVENT` text NOT NULL,
  `DETAIL` text
) ENGINE=InnoDB DEFAULT CHARSET=latin1;

--
-- Dumping data for table `TB_EVENTTYPE`
--

INSERT INTO `TB_EVENTTYPE` (`ID`, `EVENT`, `DETAIL`) VALUES
(1, 'TKI.CREATED', 'TKI DIAJUKAN'),
(2, 'TKI.APPROVED', 'TKI DISETUJUI'),
(3, 'TKI.REJECTED', 'TKI DITOLAK'),
(4, 'ADMIN.APPROVETKI', 'ADMIN MENYETUJUI TKI'),
(5, 'ADMIN.REJECTTKI', 'ADMIN MENOLAK TKI'),
(6, 'PENYALUR.APPLYJOB', 'PENYALUR MENGAJUKAN PEKERJAAN TKI'),
(7, 'MANAGER.ASSIGNJOB', 'MANAGER MENUGASKAN PEKERJAAN'),
(8, 'ADMIN.CREATESURATPERJANJIAN', 'ADMIN MEMBUAT SURAT PERJANJIAN'),
(9, 'PENYALUR.APPROVESURATPERJANJIAN', 'PENYALUR MENYETUJUI SURAT PERJANJIAN'),
(10, 'MANAGER.CREATEKONTRAK', 'MANAGER MEMBUAT KONTRAK KERJA'),
(11, 'PENYALUR.APPROVEKONTRAKKERJA', 'PENYALUR MENYETUJUI KONTRAK KERJA'),
(12, 'PENYALUR.COMPLETEJOB', 'PENYALUR MENYELESAIKAN PEKERJAAN'),
(13, 'PENYALUR.CANCELJOB', 'PENYALUR MEMBATALKAN PEKERJAAN'),
(14, 'PENYALUR.REJECTSURATPERJANJIAN', 'PENYALUR MENOLAK SURAT PERJANJIAN'),
(15, 'PENYALUR.REJECTKONTRAKKERJA', 'PENYALUR MENOLAK KONTRAK KERJA');

-- --------------------------------------------------------

--
-- Table structure for table `TB_MENU`
--

CREATE TABLE `TB_MENU` (
  `ID` int NOT NULL,
  `NAMA_MENU` varchar(30) DEFAULT NULL,
  `URL` text,
  `ROLE` varchar(7) DEFAULT NULL,
  `IS_PARENT` varchar(1) DEFAULT NULL,
  `PARENT` varchar(2) DEFAULT NULL,
  `CHILD` varchar(2) DEFAULT NULL,
  `SUBCHILD` varchar(2) DEFAULT NULL,
  `MENU` varchar(2) DEFAULT NULL,
  `MENU_TEXT` varchar(30) DEFAULT NULL,
  `URUTAN` int DEFAULT NULL,
  `ICON` text,
  `REMARK` text,
  `UPDATE_DATE` timestamp NOT NULL DEFAULT CURRENT_TIMESTAMP ON UPDATE CURRENT_TIMESTAMP,
  `INSERT_DATE` timestamp NOT NULL DEFAULT CURRENT_TIMESTAMP
) ENGINE=InnoDB DEFAULT CHARSET=latin1;

--
-- Dumping data for table `TB_MENU`
--

INSERT INTO `TB_MENU` (`ID`, `NAMA_MENU`, `URL`, `ROLE`, `IS_PARENT`, `PARENT`, `CHILD`, `SUBCHILD`, `MENU`, `MENU_TEXT`, `URUTAN`, `ICON`, `REMARK`, `INSERT_DATE`) VALUES
(1, 'DASHBOARD', 'index.php/Main', '0|1|2|3', 'Y', '1', 'N', NULL, '1', 'MENU', 1, 'nav-icon fas fa-tachometer-alt', NULL, '2021-04-15 22:31:55'),
(2, 'TKI', '#', '1|2|3', 'Y', '2', 'Y', NULL, '1', 'MENU', 5, 'nav-icon fas fa-users', NULL, '2021-04-15 22:31:55'),
(3, 'KONTRAK', '#', '1|2|3', 'Y', '3', 'Y', NULL, '1', 'MENU', 10, 'nav-icon fas fa-file-contract', NULL, '2021-04-15 22:33:07'),
(4, 'PEKERJAAN', '#', '1|2|3', 'Y', '4', 'Y', NULL, '1', 'MENU', 20, 'nav-icon fas fa-briefcase', NULL, '2021-04-15 22:33:07'),
(5, 'PENYALUR', '#', '1|2', 'Y', '5', 'Y', NULL, '1', 'MENU', 25, 'nav-icon fas fa-user', NULL, '2021-04-15 22:33:07'),
(6, 'SURAT PERJANJIAN', '#', '1|2|3', 'Y', '6', 'Y', NULL, '1', 'MENU', 30, 'nav-icon fas fa-handshake', NULL, '2021-04-15 22:33:07'),
(7, 'MASTER DATA', '#', '0|1|2', 'Y', '7', 'Y', NULL, '2', 'MASTER DATA', 40, 'nav-icon fas fa-database', NULL, '2021-04-15 22:33:07'),
(8, 'Pendaftaran CTKI', 'index.php/Tki/', '3', NULL, '2', NULL, NULL, '1', 'MENU', 6, NULL, NULL, '2021-04-15 22:37:14'),
(9, 'Approve Profil CTKI', 'index.php/Tki/approve', '1', NULL, '2', NULL, NULL, '1', 'MENU', 7, NULL, NULL, '2021-04-15 22:37:14'),
(10, 'Cari Kontrak', 'index.php/Kontrak/cari', '1|2|3', NULL, '3', NULL, NULL, '1', 'MENU', 11, NULL, NULL, '2021-04-15 22:38:54'),
(11, 'Manage Kontrak', 'index.php/Kontrak/all', '1|2', NULL, '3', NULL, NULL, '1', 'MENU', 12, NULL, NULL, '2021-04-15 22:38:54'),
(12, 'Pengajuan Pekerjaan', 'index.php/Pekerjaan/pengajuan', '3', NULL, '4', NULL, NULL, '1', 'MENU', 21, NULL, NULL, '2021-04-15 22:42:34'),
(13, 'Pekerjaan Aktif', 'index.php/Pekerjaan/aktif', '1|2|3', NULL, '4', NULL, NULL, '1', 'MENU', 22, NULL, NULL, '2021-04-15 22:42:34'),
(14, 'Pendaftaran Penyalur', 'index.php/Penyalur/pengajuan', '1', NULL, '5', NULL, NULL, '1', 'MENU', 26, NULL, NULL, '2021-04-15 22:43:21'),
(15, 'Approve Penyalur', 'index.php/Penyalur/approve', '2', NULL, '5', NULL, NULL, '1', 'MENU', 27, NULL, NULL, '2021-04-15 22:43:21'),
(16, 'Cari Surat Perjanjian', 'index.php/Perjanjian/cari', '1|2|3', NULL, '6', NULL, NULL, '1', 'MENU', 31, NULL, NULL, '2021-04-15 22:44:23'),
(17, 'Manage Surat Perjanjian', 'index.php/Perjanjian/all', '1|2', NULL, '6', NULL, NULL, '1', 'MENU', 32, NULL, NULL, '2021-04-15 22:44:23'),
(18, 'MASTER KONTEN', '#', '0', 'Y', '18', 'Y', NULL, '3', 'MASTER KONTEN', 50, 'nav-icon fas fa-paint-brush', NULL, '2021-04-15 22:45:54'),
(19, 'Master Jenis Dok', 'index.php/master/Dokumen', '0|1', NULL, '7', NULL, NULL, '2', 'MASTER DATA', 41, NULL, NULL, '2021-04-15 22:46:34'),
(20, 'Master Kualifikasi', 'index.php/master/Kualifikasi', '0|1', NULL, '7', NULL, NULL, '2', 'MASTER DATA', 42, NULL, NULL, '2021-04-15 22:46:34'),
(21, 'Master Pekerjaan', 'index.php/master/Pekerjaan', '0|1', NULL, '7', NULL, NULL, '2', 'MASTER DATA', 43, NULL, NULL, '2021-04-15 22:47:44'),
(22, 'Master Perusahaan', 'index.php/master/Perusahaan', '0|1|2', NULL, '7', NULL, NULL, '2', 'MASTER DATA', 44, NULL, NULL, '2021-04-15 22:47:44'),
(23, 'Master TKI', NULL, '-', NULL, '7', NULL, NULL, '2', 'MASTER DATA', 45, NULL, NULL, '2021-04-15 22:47:44'),
(24, 'Master User', 'index.php/master/User', '0|1', NULL, '7', NULL, NULL, '2', 'MASTER DATA', 46, NULL, NULL, '2021-04-15 22:47:44'),
(25, 'Pengumuman', 'index.php/master/Pengumuman', '0|1', NULL, '18', NULL, NULL, '3', 'MASTER KONTEN', 52, NULL, NULL, '2021-04-15 22:49:14'),
(26, 'Berita', 'index.php/master/Berita', '0|1', NULL, '18', NULL, NULL, '3', 'MASTER KONTEN', 53, NULL, NULL, '2021-04-15 22:49:14'),
(27, 'Karir', 'index.php/master/Karir', '0|1', NULL, '18', NULL, NULL, '3', 'MASTER KONTEN', 54, NULL, NULL, '2021-04-15 22:49:14'),
(28, 'Manage TKI', 'index.php/Tki/all', '1|2|3', NULL, '2', NULL, NULL, '1', 'MENU', 8, NULL, NULL, '2021-04-15 23:47:00'),
(29, 'Manage Penyalur', 'index.php/Penyalur/all', '1|2', NULL, '5', NULL, NULL, '1', 'MENU', 28, NULL, NULL, '2021-04-17 13:19:42'),
(30, 'Manage Pekerjaan', 'index.php/Pekerjaan/all', '1|2|3', NULL, '4', NULL, NULL, '1', 'MENU', 23, NULL, NULL, '2021-04-17 13:29:44'),
(31, 'LOWONGAN', '#', '1|2|3', 'Y', '31', 'Y', NULL, '1', 'MENU', 15, 'nav-icon fas fa-building', NULL, '2021-04-17 23:34:37'),
(32, 'Lihat Lowongan', 'index.php/Lowongan/all', '1|2|3', NULL, '31', NULL, NULL, '1', 'MENU', 16, NULL, NULL, '2021-04-15 22:37:14'),
(33, 'Master Lowongan', 'index.php/master/Lowongan', '0|1|2', NULL, '7', NULL, NULL, '2', 'MASTER DATA', 47, NULL, NULL, '2021-04-15 22:47:44'),
(34, 'Tambah Lowongan', 'index.php/master/Lowongan/add', '1|2', NULL, '31', NULL, NULL, '1', 'MENU', 17, NULL, NULL, '2021-04-15 22:37:14'),
(35, 'Dashboard', 'index.php/master/Konten', '0|1', NULL, '18', NULL, NULL, '3', 'MASTER KONTEN', 51, NULL, NULL, '2021-04-26 19:39:22'),
(36, 'Setting', 'index.php/master/Setting', NULL, NULL, '18', NULL, NULL, '3', 'MASTER KONTEN', 55, NULL, '0|1', '2021-04-15 22:49:14'),
(37, 'LOG', NULL, NULL, 'Y', '37', 'Y', NULL, '4', 'LOG', 66, 'nav-icon fas fa-clipboard-list', '0', '2021-05-06 10:07:02'),
(38, 'Login Log', NULL, NULL, NULL, '37', NULL, NULL, '4', 'LOG', 67, NULL, '0', '2021-05-06 10:07:02'),
(39, 'Transaction Log', NULL, NULL, NULL, '37', NULL, NULL, '4', 'LOG', 68, NULL, '0', '2021-05-06 10:07:02');

-- --------------------------------------------------------

--
-- Table structure for table `TB_NEGARA`
--

CREATE TABLE `TB_NEGARA` (
  `ID` int NOT NULL,
  `NEGARA` varchar(100) DEFAULT NULL,
  `CODE` varchar(2) DEFAULT NULL
) ENGINE=InnoDB DEFAULT CHARSET=latin1;

--
-- Dumping data for table `TB_NEGARA`
--

INSERT INTO `TB_NEGARA` (`ID`, `NEGARA`, `CODE`) VALUES
(1, 'Indonesia', 'ID'),
(2, 'Taiwan', 'TW'),
(3, 'Singapore', 'SG'),
(4, 'Saudi Arabia', 'AE'),
(5, 'Korea', 'KR'),
(6, 'Malaysia', 'MY');

-- --------------------------------------------------------

--
-- Table structure for table `TB_RULE_ACT`
--

CREATE TABLE `TB_RULE_ACT` (
  `ID` int NOT NULL,
  `JENIS` varchar(50) NOT NULL,
  `TABEL` varchar(30) NOT NULL,
  `ALLOWED_USERS` varchar(7) DEFAULT NULL
) ENGINE=InnoDB DEFAULT CHARSET=latin1;

--
-- Dumping data for table `TB_RULE_ACT`
--

INSERT INTO `TB_RULE_ACT` (`ID`, `JENIS`, `TABEL`, `ALLOWED_USERS`) VALUES
(1, 'LOGIN', 'MST_USER', '0|1|2|3'),
(2, 'CREATE USER', 'MST_USER', '0|1'),
(3, 'CHANGE ACTIVE STATUS USER', 'MST_USER', '0|1'),
(4, 'SET NEW PASSWORD', 'MST_USER', '0|1|2|3'),
(5, 'RESET PASSWORD', 'MST_USER', '0|1|2|3'),
(6, 'EDIT USER', 'MST_USER', '0|1'),
(7, 'TAMBAH MASTER DOKUMEN', 'MST_JENIS_DOK', '0|1'),
(8, 'TAMBAH MASTER PEKERJAAN', 'MST_PEKERJAAN', '0|1'),
(9, 'CHANGE ACTIVE STATUS PEKERJAAN', 'MST_PEKERJAAN', '0|3'),
(10, 'EDIT PEKERJAAN', 'MST_PEKERJAAN', '0|1'),
(11, 'TAMBAH MASTER KUALIFIKASI', 'MST_KUALIFIKASI', '0|1'),
(12, 'CHANGE ACTIVE STATUS KUALIFIKASI', 'MST_KUALIFIKASI', '0|1'),
(13, 'EDIT KUALIFIKASI', 'MST_KUALIFIKASI', '0|1'),
(14, 'REGISTER DATA DIRI CALON TKI', 'MST_TKI', '3'),
(15, 'INSERT KUALIFIKASI TKI', 'KUALIFIKASI', '3'),
(16, 'INSERT ALAMAT', 'ALAMAT', '3'),
(17, 'PENGAJUAN PEKERJAAN', 'JUSTIFIKASI_PEKERJAAN', '3'),
(18, 'UPLOAD DOKUMEN TKI', 'DOKUMEN', '3'),
(19, 'UPLOAD DOKUMEN', 'DOKUMEN', '1|2|3'),
(20, 'APPROVE/REJECT DATA DAN DOKUMEN TKI', 'MST_TKI', '1'),
(21, 'BUAT SURAT PERJANJIAN', 'MST_SURAT_PERJANJIAN', '1'),
(22, 'UPDATE JUSTIFIKASI SURAT PERJANJIAN', 'JUSTIFIKASI_PEKERJAAN', '1|3'),
(23, 'UPDATE SURAT PERJANJIAN', 'MST_SURAT_PERJANJIAN', '1'),
(24, 'APPROVE/REJECT SURAT PERJANJIAN', 'JUSTIFIKASI_PEKERJAAN', '3'),
(25, 'BUAT KONTRAK', 'MST_KONTRAK', '2'),
(26, 'UPDATE JUSTIFIKASI KONTRAK', 'JUSTIFIKASI_PEKERJAAN', '2|3'),
(27, 'UPDATE KONTRAK', 'MST_KONTRAK', '2'),
(28, 'APPROVE/REJECT KONTRAK', 'JUSTIFIKASI_PEKERJAAN', '3'),
(29, 'PENGAJUAN PENYALUR', 'MST_PENYALUR', '1'),
(30, 'APPROVE/REJECT PENYALUR', 'MST_PENYALUR', '2'),
(31, 'UPDATE PENYALUR', 'MST_PENYALUR', '1'),
(32, 'TRIGGER SQL', 'TRIGGER SQL', NULL),
(33, 'SUBMIT KONTRAK KERJA', 'JUSTIFIKASI_PEKERJAAN', '2'),
(34, 'SUBMIT SURAT PERJANJIAN', 'JUSTIFIKASI_PEKERJAAN', '1'),
(35, 'UPDATE DATA TKI', 'MST_TKI', '3'),
(36, 'UPDATE ALAMAT TKI', 'ALAMAT', '3'),
(37, 'UPDATE KUALIFIKASI', 'KUALIFIKASI', '3'),
(38, 'INSERT PERUSAHAAN', 'MST_PERUSAHAAN', '0|1|2'),
(39, 'INSERT LOWONGAN', 'MST_LOWONGAN', '0|1|2'),
(40, 'ASSIGN PEKERJAAN', 'JUSTIFIKASI_PEKERJAAN', '2'),
(41, 'GENERATE USER PENYALUR', 'MST_USER', '1'),
(42, 'GENERATE GROUP PENYALUR', 'MST_GROUP', '0|1|2'),
(43, 'EDIT KONTEN', 'MST_KONTEN', '0|1'),
(44, 'CHANGE ACTIVE STATUS KONTEN', 'MST_KONTEN', '0|1'),
(45, 'ADD KONTEN', 'MST_KONTEN', '0|1'),
(46, 'DELETE FILE TKI', 'DOKUMEN', '0|3'),
(47, 'DELETE FILE KONTRAK/PERJANJIAN', 'DOKUMEN', '0|1|2|3');

-- --------------------------------------------------------

--
-- Table structure for table `TB_RULE_URL`
--

CREATE TABLE `TB_RULE_URL` (
  `ID` int NOT NULL,
  `URL` text NOT NULL,
  `ALLOWED_ROLE` varchar(7) NOT NULL,
  `REMARK` varchar(100) NOT NULL
) ENGINE=InnoDB DEFAULT CHARSET=latin1;

--
-- Dumping data for table `TB_RULE_URL`
--

INSERT INTO `TB_RULE_URL` (`ID`, `URL`, `ALLOWED_ROLE`, `REMARK`) VALUES
(1, '', '0|1|2|3', ''),
(2, 'index.php/Tki/', '3', ''),
(3, 'index.php/Tki/approve', '1', ''),
(4, 'index.php/Tki/all', '1|2|3', ''),
(5, 'index.php/Tki/detail', '1|2|3', ''),
(6, 'index.php/Kontrak/cari', '0|1|2|3', ''),
(7, 'index.php/Kontrak/all', '0|1|2|3', ''),
(8, 'index.php/Kontrak/detail', '0|1|2|3', ''),
(9, 'index.php/Lowongan/all', '0|1|2|3', ''),
(10, 'index.php/master/Lowongan/add', '0|1|2', ''),
(11, 'index.php/master/Lowongan', '0|1|2', ''),
(12, 'index.php/Lowongan/all/detail', '0|1|2|3', ''),
(13, 'index.php/Pekerjaan/pengajuan', '0|3', ''),
(14, 'index.php/Pekerjaan/aktif', '0|1|2|3', ''),
(15, 'index.php/Pekerjaan/detail', '0|1|2|3', ''),
(16, 'index.php/Pekerjaan/all', '0|1|2|3', ''),
(17, 'index.php/Pekerjaan/tambah', '0|3', ''),
(18, 'index.php/Pekerjaan/assign', '0|2', ''),
(19, 'index.php/Penyalur/pengajuan', '0|1', ''),
(20, 'index.php/Penyalur/detail', '0|1|2', ''),
(21, 'index.php/Penyalur/approve', '0|2', ''),
(22, 'index.php/Penyalur/all', '0|1|2', ''),
(23, 'index.php/Perjanjian/cari', '0|1|2|3', ''),
(24, 'index.php/Perjanjian/detail', '0|1|2|3', ''),
(25, 'index.php/master/Dokumen', '0|1', ''),
(26, 'index.php/master/Kualifikasi', '0|1', ''),
(27, 'index.php/master/Pekerjaan', '0|1', ''),
(28, 'index.php/master/Perusahaan', '0|1|2', ''),
(29, 'index.php/master/User', '0|1', ''),
(30, 'index.php/master/User/detail', '0|1', ''),
(31, 'index.php/Perjanjian/all', '1|2', ''),
(32, 'index.php/master/Konten', '0|1', ''),
(33, 'index.php/master/Konten/detail/', '0|1', ''),
(34, 'index.php/master/Pengumuman/', '0|1', ''),
(35, 'index.php/master/Karir/', '0|1', ''),
(36, 'index.php/master/Berita/', '0|1', ''),
(37, 'index.php/master/Konten/add/', '0|1', '');

--
-- Indexes for dumped tables
--

--
-- Indexes for table `ALAMAT`
--
ALTER TABLE `ALAMAT`
  ADD PRIMARY KEY (`ID`),
  ADD KEY `ID_TKI` (`ID_TKI`),
  ADD KEY `CREATED_BY` (`CREATED_BY`);

--
-- Indexes for table `DOKUMEN`
--
ALTER TABLE `DOKUMEN`
  ADD PRIMARY KEY (`ID`),
  ADD KEY `ID_JENIS_DOK` (`ID_JENIS_DOK`),
  ADD KEY `ID_KONTRAK` (`ID_KONTRAK`),
  ADD KEY `ID_PERJANJIAN` (`ID_PERJANJIAN`),
  ADD KEY `ID_TKI` (`ID_TKI`),
  ADD KEY `CREATED_BY` (`CREATED_BY`);

--
-- Indexes for table `JUSTIFIKASI_PEKERJAAN`
--
ALTER TABLE `JUSTIFIKASI_PEKERJAAN`
  ADD PRIMARY KEY (`ID`),
  ADD UNIQUE KEY `ID_KONTRAK` (`ID_KONTRAK`),
  ADD UNIQUE KEY `ID_PERJANJIAN` (`ID_PERJANJIAN`),
  ADD KEY `CREATED_BY` (`CREATED_BY`),
  ADD KEY `ID_PEKERJAAN` (`ID_PEKERJAAN`),
  ADD KEY `ID_TKI` (`ID_TKI`),
  ADD KEY `APPROVED_BY_1` (`APPROVED_BY_1`),
  ADD KEY `APPROVED_BY_2` (`APPROVED_BY_2`),
  ADD KEY `APPROVED_BY_3` (`APPROVED_BY_3`);

--
-- Indexes for table `KUALIFIKASI`
--
ALTER TABLE `KUALIFIKASI`
  ADD PRIMARY KEY (`ID`),
  ADD KEY `ID_KUALIFIKASI` (`ID_KUALIFIKASI`),
  ADD KEY `ID_TKI` (`ID_TKI`),
  ADD KEY `CREATED_BY` (`CREATED_BY`);

--
-- Indexes for table `LOG`
--
ALTER TABLE `LOG`
  ADD PRIMARY KEY (`ID`),
  ADD KEY `ID_USER` (`ID_USER`),
  ADD KEY `JENIS` (`JENIS`);

--
-- Indexes for table `LOG_EVENT`
--
ALTER TABLE `LOG_EVENT`
  ADD PRIMARY KEY (`ID`);

--
-- Indexes for table `MST_GROUP`
--
ALTER TABLE `MST_GROUP`
  ADD PRIMARY KEY (`ID`),
  ADD KEY `ID_PERUSAHAAN` (`ID_PERUSAHAAN`);

--
-- Indexes for table `MST_JENIS_DOK`
--
ALTER TABLE `MST_JENIS_DOK`
  ADD PRIMARY KEY (`ID`),
  ADD KEY `CREATED_BY` (`CREATED_BY`);

--
-- Indexes for table `MST_KONTEN`
--
ALTER TABLE `MST_KONTEN`
  ADD PRIMARY KEY (`ID`);

--
-- Indexes for table `MST_KONTRAK`
--
ALTER TABLE `MST_KONTRAK`
  ADD PRIMARY KEY (`ID`),
  ADD UNIQUE KEY `NO` (`NO`),
  ADD UNIQUE KEY `NO_KONTRAK` (`NO_KONTRAK`),
  ADD KEY `ID_PEKERJAAN` (`ID_PEKERJAAN`),
  ADD KEY `ID_PERUSAHAAN` (`ID_PERUSAHAAN`);

--
-- Indexes for table `MST_KUALIFIKASI`
--
ALTER TABLE `MST_KUALIFIKASI`
  ADD PRIMARY KEY (`ID`),
  ADD KEY `CREATED_BY` (`CREATED_BY`);

--
-- Indexes for table `MST_LOWONGAN`
--
ALTER TABLE `MST_LOWONGAN`
  ADD PRIMARY KEY (`ID`);

--
-- Indexes for table `MST_PEKERJAAN`
--
ALTER TABLE `MST_PEKERJAAN`
  ADD PRIMARY KEY (`ID`),
  ADD KEY `CREATED_BY` (`CREATED_BY`);

--
-- Indexes for table `MST_PENYALUR`
--
ALTER TABLE `MST_PENYALUR`
  ADD PRIMARY KEY (`ID`),
  ADD KEY `APPROVED_BY` (`APPROVED_BY`),
  ADD KEY `CREATED_BY` (`CREATED_BY`),
  ADD KEY `ID_GROUP` (`ID_GROUP`);

--
-- Indexes for table `MST_PERUSAHAAN`
--
ALTER TABLE `MST_PERUSAHAAN`
  ADD PRIMARY KEY (`ID`),
  ADD UNIQUE KEY `NPWP` (`NPWP`);

--
-- Indexes for table `MST_SETTING`
--
ALTER TABLE `MST_SETTING`
  ADD PRIMARY KEY (`ID`);

--
-- Indexes for table `MST_SURAT_PERJANJIAN`
--
ALTER TABLE `MST_SURAT_PERJANJIAN`
  ADD PRIMARY KEY (`ID`),
  ADD UNIQUE KEY `NO` (`NO`),
  ADD KEY `ID_DOKUMEN` (`ID_DOKUMEN`),
  ADD KEY `ID_TKI` (`ID_TKI`),
  ADD KEY `CREATED_BY` (`CREATED_BY`);

--
-- Indexes for table `MST_TKI`
--
ALTER TABLE `MST_TKI`
  ADD PRIMARY KEY (`ID`),
  ADD UNIQUE KEY `NIK` (`NIK`),
  ADD KEY `APPROVED_BY` (`APPROVED_BY`),
  ADD KEY `CREATED_BY` (`CREATED_BY`);

--
-- Indexes for table `MST_USER`
--
ALTER TABLE `MST_USER`
  ADD PRIMARY KEY (`ID`),
  ADD UNIQUE KEY `USERNAME` (`USERNAME`),
  ADD UNIQUE KEY `ID_PENYALUR` (`ID_PENYALUR`);

--
-- Indexes for table `RIWAYAT_PEKERJAAN`
--
ALTER TABLE `RIWAYAT_PEKERJAAN`
  ADD KEY `CREATED_BY` (`CREATED_BY`),
  ADD KEY `ID_PEKERJAAN` (`ID_PEKERJAAN`),
  ADD KEY `ID_TKI` (`ID_TKI`);

--
-- Indexes for table `TB_EVENTTYPE`
--
ALTER TABLE `TB_EVENTTYPE`
  ADD PRIMARY KEY (`ID`);

--
-- Indexes for table `TB_MENU`
--
ALTER TABLE `TB_MENU`
  ADD PRIMARY KEY (`ID`);

--
-- Indexes for table `TB_NEGARA`
--
ALTER TABLE `TB_NEGARA`
  ADD PRIMARY KEY (`ID`);

--
-- Indexes for table `TB_RULE_ACT`
--
ALTER TABLE `TB_RULE_ACT`
  ADD PRIMARY KEY (`ID`);

--
-- Indexes for table `TB_RULE_URL`
--
ALTER TABLE `TB_RULE_URL`
  ADD PRIMARY KEY (`ID`);

--
-- AUTO_INCREMENT for dumped tables
--

--
-- AUTO_INCREMENT for table `LOG`
--
ALTER TABLE `LOG`
  MODIFY `ID` int NOT NULL AUTO_INCREMENT, AUTO_INCREMENT=793;

--
-- AUTO_INCREMENT for table `LOG_EVENT`
--
ALTER TABLE `LOG_EVENT`
  MODIFY `ID` int NOT NULL AUTO_INCREMENT, AUTO_INCREMENT=105;

--
-- AUTO_INCREMENT for table `MST_GROUP`
--
ALTER TABLE `MST_GROUP`
  MODIFY `ID` int NOT NULL AUTO_INCREMENT, AUTO_INCREMENT=8;

--
-- AUTO_INCREMENT for table `MST_KONTRAK`
--
ALTER TABLE `MST_KONTRAK`
  MODIFY `NO` int NOT NULL AUTO_INCREMENT, AUTO_INCREMENT=13;

--
-- AUTO_INCREMENT for table `MST_SETTING`
--
ALTER TABLE `MST_SETTING`
  MODIFY `ID` int NOT NULL AUTO_INCREMENT, AUTO_INCREMENT=5;

--
-- AUTO_INCREMENT for table `MST_SURAT_PERJANJIAN`
--
ALTER TABLE `MST_SURAT_PERJANJIAN`
  MODIFY `NO` int NOT NULL AUTO_INCREMENT, AUTO_INCREMENT=10;

--
-- AUTO_INCREMENT for table `TB_EVENTTYPE`
--
ALTER TABLE `TB_EVENTTYPE`
  MODIFY `ID` int NOT NULL AUTO_INCREMENT, AUTO_INCREMENT=16;

--
-- AUTO_INCREMENT for table `TB_MENU`
--
ALTER TABLE `TB_MENU`
  MODIFY `ID` int NOT NULL AUTO_INCREMENT, AUTO_INCREMENT=40;

--
-- AUTO_INCREMENT for table `TB_NEGARA`
--
ALTER TABLE `TB_NEGARA`
  MODIFY `ID` int NOT NULL AUTO_INCREMENT, AUTO_INCREMENT=7;

--
-- AUTO_INCREMENT for table `TB_RULE_ACT`
--
ALTER TABLE `TB_RULE_ACT`
  MODIFY `ID` int NOT NULL AUTO_INCREMENT, AUTO_INCREMENT=49;

--
-- AUTO_INCREMENT for table `TB_RULE_URL`
--
ALTER TABLE `TB_RULE_URL`
  MODIFY `ID` int NOT NULL AUTO_INCREMENT, AUTO_INCREMENT=38;

--
-- Constraints for dumped tables
--

--
-- Constraints for table `ALAMAT`
--
ALTER TABLE `ALAMAT`
  ADD CONSTRAINT `ALAMAT_ibfk_1` FOREIGN KEY (`ID_TKI`) REFERENCES `MST_TKI` (`ID`);

--
-- Constraints for table `DOKUMEN`
--
ALTER TABLE `DOKUMEN`
  ADD CONSTRAINT `DOKUMEN_ibfk_1` FOREIGN KEY (`ID_JENIS_DOK`) REFERENCES `MST_JENIS_DOK` (`ID`),
  ADD CONSTRAINT `DOKUMEN_ibfk_2` FOREIGN KEY (`ID_KONTRAK`) REFERENCES `MST_KONTRAK` (`ID`),
  ADD CONSTRAINT `DOKUMEN_ibfk_3` FOREIGN KEY (`ID_PERJANJIAN`) REFERENCES `MST_SURAT_PERJANJIAN` (`ID`),
  ADD CONSTRAINT `DOKUMEN_ibfk_4` FOREIGN KEY (`ID_TKI`) REFERENCES `MST_TKI` (`ID`);

--
-- Constraints for table `JUSTIFIKASI_PEKERJAAN`
--
ALTER TABLE `JUSTIFIKASI_PEKERJAAN`
  ADD CONSTRAINT `JUSTIFIKASI_PEKERJAAN_ibfk_10` FOREIGN KEY (`APPROVED_BY_2`) REFERENCES `MST_USER` (`ID`),
  ADD CONSTRAINT `JUSTIFIKASI_PEKERJAAN_ibfk_11` FOREIGN KEY (`APPROVED_BY_3`) REFERENCES `MST_USER` (`ID`),
  ADD CONSTRAINT `JUSTIFIKASI_PEKERJAAN_ibfk_5` FOREIGN KEY (`ID_KONTRAK`) REFERENCES `MST_KONTRAK` (`ID`),
  ADD CONSTRAINT `JUSTIFIKASI_PEKERJAAN_ibfk_6` FOREIGN KEY (`ID_PEKERJAAN`) REFERENCES `MST_PEKERJAAN` (`ID`),
  ADD CONSTRAINT `JUSTIFIKASI_PEKERJAAN_ibfk_7` FOREIGN KEY (`ID_PERJANJIAN`) REFERENCES `MST_SURAT_PERJANJIAN` (`ID`),
  ADD CONSTRAINT `JUSTIFIKASI_PEKERJAAN_ibfk_8` FOREIGN KEY (`ID_TKI`) REFERENCES `MST_TKI` (`ID`),
  ADD CONSTRAINT `JUSTIFIKASI_PEKERJAAN_ibfk_9` FOREIGN KEY (`APPROVED_BY_1`) REFERENCES `MST_USER` (`ID`);

--
-- Constraints for table `KUALIFIKASI`
--
ALTER TABLE `KUALIFIKASI`
  ADD CONSTRAINT `KUALIFIKASI_ibfk_1` FOREIGN KEY (`ID_KUALIFIKASI`) REFERENCES `MST_KUALIFIKASI` (`ID`),
  ADD CONSTRAINT `KUALIFIKASI_ibfk_2` FOREIGN KEY (`ID_TKI`) REFERENCES `MST_TKI` (`ID`);

--
-- Constraints for table `LOG`
--
ALTER TABLE `LOG`
  ADD CONSTRAINT `LOG_ibfk_1` FOREIGN KEY (`JENIS`) REFERENCES `TB_RULE_ACT` (`ID`);

--
-- Constraints for table `MST_GROUP`
--
ALTER TABLE `MST_GROUP`
  ADD CONSTRAINT `MST_GROUP_ibfk_1` FOREIGN KEY (`ID_PERUSAHAAN`) REFERENCES `MST_PERUSAHAAN` (`ID`);

--
-- Constraints for table `MST_KONTRAK`
--
ALTER TABLE `MST_KONTRAK`
  ADD CONSTRAINT `MST_KONTRAK_ibfk_2` FOREIGN KEY (`ID_PEKERJAAN`) REFERENCES `MST_PEKERJAAN` (`ID`),
  ADD CONSTRAINT `MST_KONTRAK_ibfk_3` FOREIGN KEY (`ID_PERUSAHAAN`) REFERENCES `MST_PERUSAHAAN` (`ID`);

--
-- Constraints for table `MST_PENYALUR`
--
ALTER TABLE `MST_PENYALUR`
  ADD CONSTRAINT `MST_PENYALUR_ibfk_4` FOREIGN KEY (`ID_GROUP`) REFERENCES `MST_GROUP` (`ID`);

--
-- Constraints for table `MST_SURAT_PERJANJIAN`
--
ALTER TABLE `MST_SURAT_PERJANJIAN`
  ADD CONSTRAINT `MST_SURAT_PERJANJIAN_ibfk_1` FOREIGN KEY (`ID_DOKUMEN`) REFERENCES `DOKUMEN` (`ID`),
  ADD CONSTRAINT `MST_SURAT_PERJANJIAN_ibfk_2` FOREIGN KEY (`ID_TKI`) REFERENCES `MST_TKI` (`ID`);

--
-- Constraints for table `MST_TKI`
--
ALTER TABLE `MST_TKI`
  ADD CONSTRAINT `MST_TKI_ibfk_1` FOREIGN KEY (`APPROVED_BY`) REFERENCES `MST_USER` (`ID`);

--
-- Constraints for table `RIWAYAT_PEKERJAAN`
--
ALTER TABLE `RIWAYAT_PEKERJAAN`
  ADD CONSTRAINT `RIWAYAT_PEKERJAAN_ibfk_2` FOREIGN KEY (`ID_PEKERJAAN`) REFERENCES `MST_PEKERJAAN` (`ID`),
  ADD CONSTRAINT `RIWAYAT_PEKERJAAN_ibfk_3` FOREIGN KEY (`ID_TKI`) REFERENCES `MST_TKI` (`ID`);
COMMIT;

/*!40101 SET CHARACTER_SET_CLIENT=@OLD_CHARACTER_SET_CLIENT */;
/*!40101 SET CHARACTER_SET_RESULTS=@OLD_CHARACTER_SET_RESULTS */;
/*!40101 SET COLLATION_CONNECTION=@OLD_COLLATION_CONNECTION */;
